"Year","first.letter","Month","STORM.NAME","CATEGORY","CURRENT.DAMAGE.2022","name","StartMonth","maxWS","minCP","avgLat","avgLon","max_Cat","Landfall_Cat_ICAT","Cat_HURDAT","DamageInd"
1960,"ABB",NA,NA,NA,NA,"               ABBY 021960 ",7,70,995,15,76,"1",NA,"TS-2","No"
1960,"BRE","Jul","Brenda","0",5e+08,"             BRENDA 031960 ",7,60,976,48,72,"0","TS-2","TS-2","Yes"
1960,"CLE",NA,NA,NA,NA,"               CLEO 041960 ",8,75,995,33,68,"1",NA,"TS-2","No"
1960,"DON","Sep","Donna","3",4.85e+09,"              DONNA 051960 ",8,125,930,23,61,"4","3-5","3-5","Yes"
1960,"DON","Sep","Donna","4",7.341e+10,"              DONNA 051960 ",8,125,930,23,61,"4","3-5","3-5","Yes"
1960,"ETH","Sep","Ethel","1",4.5e+07,"              ETHEL 061960 ",9,100,974,27,89,"3","TS-2","3-5","Yes"
1960,"FLO",NA,NA,NA,NA,"           FLORENCE 071960 ",9,50,1000,23,77,"0",NA,"TS-2","No"
1960,"UNN","Jun","Unnamed 1960","0",1.3e+08,"            UNNAMED 081960 ",9,40,Inf,28,51,"0","TS-2","TS-2","Yes"
1960,"UNN","Jun","Unnamed 1960","0",1.3e+08,"            UNNAMED 011960 ",6,50,1000,28,95,"0","TS-2","TS-2","Yes"
1961,"ANN",NA,NA,NA,NA,"               ANNA 011961 ",7,90,976,13,70,"2",NA,"TS-2","No"
1961,"BET",NA,NA,NA,NA,"              BETSY 021961 ",9,115,945,38,42,"4",NA,"3-5","No"
1961,"CAR","Sep","Carla","4",2.227e+10,"              CARLA 031961 ",9,125,927,32,82,"4","3-5","3-5","Yes"
1961,"DEB",NA,NA,NA,NA,"             DEBBIE 041961 ",9,80,961,33,29,"1",NA,"TS-2","No"
1961,"EST","Sep","Esther","0",3.8e+08,"             ESTHER 051961 ",9,140,919,29,60,"5","TS-2","3-5","Yes"
1961,"FRA",NA,NA,NA,NA,"            FRANCES 071961 ",9,115,948,27,65,"4",NA,"3-5","No"
1961,"GER",NA,NA,NA,NA,"              GERDA 081961 ",10,65,988,31,69,"1",NA,"TS-2","No"
1961,"HAT",NA,NA,NA,NA,"             HATTIE 091961 ",10,145,914,14,82,"5",NA,"3-5","No"
1961,"ING",NA,NA,NA,NA,"               INGA 111961 ",11,60,997,20,93,"0",NA,"TS-2","No"
1961,"JEN",NA,NA,NA,NA,"              JENNY 101961 ",11,70,974,30,49,"1",NA,"TS-2","No"
1961,"UNN",NA,NA,NA,NA,"            UNNAMED 061961 ",9,60,995,33,76,"0",NA,"TS-2","No"
1961,"UNN",NA,NA,NA,NA,"            UNNAMED 121961 ",11,50,1004,30,46,"0",NA,"TS-2","No"
1962,"ALM","Aug","Alma","0",5.8e+07,"               ALMA 011962 ",8,75,984,36,70,"1","TS-2","TS-2","Yes"
1962,"BEC",NA,NA,NA,NA,"              BECKY 021962 ",8,50,Inf,25,23,"0",NA,"TS-2","No"
1962,"CEL",NA,NA,NA,NA,"              CELIA 031962 ",9,60,995,25,54,"0",NA,"TS-2","No"
1962,"DAI","Oct","Daisy","0",3.2e+07,"              DAISY 041962 ",9,90,950,26,62,"2","TS-2","TS-2","Yes"
1962,"ELL",NA,NA,NA,NA,"               ELLA 051962 ",10,95,958,36,60,"2",NA,"TS-2","No"
1962,"UNN",NA,NA,NA,NA,"            UNNAMED 061962 ",6,55,998,38,67,"0",NA,"TS-2","No"
1962,"UNN",NA,NA,NA,NA,"            UNNAMED 071962 ",11,80,991,32,73,"1",NA,"TS-2","No"
1963,"ARL",NA,NA,NA,NA,"             ARLENE 011963 ",7,100,969,26,52,"3",NA,"3-5","No"
1963,"BEU",NA,NA,NA,NA,"             BEULAH 021963 ",8,105,958,44,27,"3",NA,"3-5","No"
1963,"CIN","Sep","Cindy","1",4.1e+08,"              CINDY 041963 ",9,55,996,28,94,"0","TS-2","TS-2","Yes"
1963,"DEB",NA,NA,NA,NA,"              DEBRA 051963 ",9,65,999,23,46,"1",NA,"TS-2","No"
1963,"EDI",NA,NA,NA,NA,"              EDITH 061963 ",9,85,990,16,64,"2",NA,"TS-2","No"
1963,"FLO",NA,NA,NA,NA,"              FLORA 071963 ",9,130,933,30,58,"4",NA,"3-5","No"
1963,"GIN",NA,NA,NA,NA,"              GINNY 081963 ",10,95,948,32,73,"2",NA,"TS-2","No"
1963,"HEL",NA,NA,NA,NA,"             HELENA 091963 ",10,45,1002,17,59,"0",NA,"TS-2","No"
1963,"UNN",NA,NA,NA,NA,"            UNNAMED 031963 ",9,70,990,36,54,"1",NA,"TS-2","No"
1963,"UNN",NA,NA,NA,NA,"            UNNAMED 101963 ",6,50,1000,32,76,"0",NA,"TS-2","No"
1964,"ABB","Aug","Abby","0",4.6e+07,"               ABBY 031964 ",8,60,1000,27,93,"0","TS-2","TS-2","Yes"
1964,"BRE",NA,NA,NA,NA,"             BRENDA 041964 ",8,45,1006,32,61,"0",NA,"TS-2","No"
1964,"CLE","Aug","Cleo","2",8.75e+09,"               CLEO 051964 ",8,130,938,33,62,"4","3-5","3-5","Yes"
1964,"DOR","Sep","Dora","2",2.272e+10,"               DORA 061964 ",8,115,942,24,60,"4","3-5","3-5","Yes"
1964,"ETH",NA,NA,NA,NA,"              ETHEL 071964 ",9,90,969,30,52,"2",NA,"TS-2","No"
1964,"FLO",NA,NA,NA,NA,"           FLORENCE 081964 ",9,40,1003,21,25,"0",NA,"TS-2","No"
1964,"GLA",NA,NA,NA,NA,"             GLADYS 091964 ",9,115,945,27,63,"4",NA,"3-5","No"
1964,"HIL","Oct","Hilda","3",3.62e+09,"              HILDA 101964 ",9,120,941,26,85,"4","3-5","3-5","Yes"
1964,"ISB","Oct","Isbell","2",1.12e+09,"             ISBELL 111964 ",10,100,964,22,82,"3","3-5","3-5","Yes"
1964,"UNN",NA,NA,NA,NA,"            UNNAMED 011964 ",6,60,992,29,74,"0",NA,"TS-2","No"
1964,"UNN",NA,NA,NA,NA,"            UNNAMED 021964 ",7,75,1006,44,32,"1",NA,"TS-2","No"
1964,"UNN",NA,NA,NA,NA,"            UNNAMED 131964 ",7,50,1003,38,70,"0",NA,"TS-2","No"
1964,"UNN",NA,NA,NA,NA,"            UNNAMED 121964 ",11,60,997,14,83,"0",NA,"TS-2","No"
1965,"ANN",NA,NA,NA,NA,"               ANNA 021965 ",8,90,Inf,40,45,"2",NA,"TS-2","No"
1965,"BET","Sep","Betsy","3",2.125e+10,"              BETSY 031965 ",8,120,942,24,73,"4","3-5","3-5","Yes"
1965,"CAR",NA,NA,NA,NA,"              CAROL 041965 ",9,80,974,28,33,"1",NA,"TS-2","No"
1965,"DEB","Sep","Debbie","0",7e+08,"             DEBBIE 051965 ",9,50,1000,23,88,"0","TS-2","TS-2","Yes"
1965,"ELE",NA,NA,NA,NA,"              ELENA 061965 ",10,95,977,32,48,"2",NA,"TS-2","No"
1965,"UNN",NA,NA,NA,NA,"            UNNAMED 011965 ",6,50,1005,35,69,"0",NA,"TS-2","No"
1965,"UNN",NA,NA,NA,NA,"            UNNAMED 091965 ",10,55,1004,28,78,"0",NA,"TS-2","No"
1965,"UNN",NA,NA,NA,NA,"            UNNAMED 071965 ",9,50,991,39,53,"0",NA,"TS-2","No"
1965,"UNN",NA,NA,NA,NA,"            UNNAMED 081965 ",9,60,993,33,60,"0",NA,"TS-2","No"
1965,"UNN",NA,NA,NA,NA,"            UNNAMED 101965 ",11,45,997,26,52,"0",NA,"TS-2","No"
1966,"ALM","Jun","Alma","2",1.12e+09,"               ALMA 011966 ",6,100,970,27,79,"3","3-5","3-5","Yes"
1966,"BEC",NA,NA,NA,NA,"              BECKY 021966 ",6,75,984,35,59,"1",NA,"TS-2","No"
1966,"CEL",NA,NA,NA,NA,"              CELIA 031966 ",7,65,994,26,68,"1",NA,"TS-2","No"
1966,"DOR",NA,NA,NA,NA,"            DOROTHY 041966 ",7,75,989,36,40,"1",NA,"TS-2","No"
1966,"ELL",NA,NA,NA,NA,"               ELLA 051966 ",7,40,1008,16,52,"0",NA,"TS-2","No"
1966,"FAI",NA,NA,NA,NA,"              FAITH 061966 ",8,105,950,42,50,"3",NA,"3-5","No"
1966,"GRE",NA,NA,NA,NA,"              GRETA 071966 ",9,45,1004,19,59,"0",NA,"TS-2","No"
1966,"HAL",NA,NA,NA,NA,"             HALLIE 081966 ",9,50,997,20,95,"0",NA,"TS-2","No"
1966,"INE","Oct","Inez","1",1.2e+08,"               INEZ 091966 ",9,140,927,19,71,"5","TS-2","3-5","Yes"
1966,"JUD",NA,NA,NA,NA,"             JUDITH 101966 ",9,40,1007,11,52,"0",NA,"TS-2","No"
1966,"KEN",NA,NA,NA,NA,"             KENDRA 151966 ",10,35,Inf,15,23,"0",NA,"TS-2","No"
1966,"LOI",NA,NA,NA,NA,"               LOIS 111966 ",11,75,983,33,37,"1",NA,"TS-2","No"
1966,"UNN",NA,NA,NA,NA,"            UNNAMED 161966 ",11,55,994,40,28,"0",NA,"TS-2","No"
1966,"UNN",NA,NA,NA,NA,"            UNNAMED 121966 ",6,40,1004,25,82,"0",NA,"TS-2","No"
1966,"UNN",NA,NA,NA,NA,"            UNNAMED 131966 ",7,25,1007,28,90,"0",NA,"TS-2","No"
1966,"UNN",NA,NA,NA,NA,"            UNNAMED 141966 ",9,30,Inf,17,34,"0",NA,"TS-2","No"
1966,"UNN",NA,NA,NA,NA,"            UNNAMED 171966 ",11,55,997,29,42,"0",NA,"TS-2","No"
1967,"ARL",NA,NA,NA,NA,"             ARLENE 111967 ",8,80,982,31,47,"1",NA,"TS-2","No"
1967,"BEU","Sep","Beulah","3",7.01e+09,"             BEULAH 131967 ",9,140,923,18,80,"5","3-5","3-5","Yes"
1967,"CHL",NA,NA,NA,NA,"              CHLOE 121967 ",9,95,958,30,43,"2",NA,"TS-2","No"
1967,"DOR",NA,NA,NA,NA,"              DORIA 141967 ",9,85,973,32,72,"2",NA,"TS-2","No"
1967,"EDI",NA,NA,NA,NA,"              EDITH 181967 ",9,45,1000,13,55,"0",NA,"TS-2","No"
1967,"FER",NA,NA,NA,NA,"               FERN 191967 ",10,65,987,21,94,"1",NA,"TS-2","No"
1967,"GIN",NA,NA,NA,NA,"             GINGER 211967 ",10,45,1011,18,19,"0",NA,"TS-2","No"
1967,"HEI",NA,NA,NA,NA,"              HEIDI 251967 ",10,75,981,33,50,"1",NA,"TS-2","No"
1967,"UNN",NA,NA,NA,NA,"            UNNAMED 011967 ",6,25,1004,17,85,"0",NA,"TS-2","No"
1967,"UNN",NA,NA,NA,NA,"            UNNAMED 031967 ",6,45,1006,34,74,"0",NA,"TS-2","No"
1967,"UNN",NA,NA,NA,NA,"            UNNAMED 161967 ",9,40,1004,13,37,"0",NA,"TS-2","No"
1967,"UNN",NA,NA,NA,NA,"            UNNAMED 171967 ",9,30,Inf,16,23,"0",NA,"TS-2","No"
1967,"UNN",NA,NA,NA,NA,"            UNNAMED 231967 ",10,50,1002,33,70,"0",NA,"TS-2","No"
1967,"UNN",NA,NA,NA,NA,"            UNNAMED 241967 ",10,30,1006,14,46,"0",NA,"TS-2","No"
1967,"UNN",NA,NA,NA,NA,"            UNNAMED 151967 ",9,30,1012,14,39,"0",NA,"TS-2","No"
1967,"UNN",NA,NA,NA,NA,"            UNNAMED 281967 ",9,35,1004,15,29,"0",NA,"TS-2","No"
1967,"UNN",NA,NA,NA,NA,"            UNNAMED 271967 ",6,45,1006,31,73,"0",NA,"TS-2","No"
1968,"ABB","Jun","Abby","0",5.6e+07,"               ABBY 011968 ",6,65,992,29,80,"1","TS-2","TS-2","Yes"
1968,"BRE",NA,NA,NA,NA,"             BRENDA 021968 ",6,70,990,31,68,"1",NA,"TS-2","No"
1968,"CAN","Jun","Candy","0",6.5e+07,"              CANDY 031968 ",6,60,995,31,91,"0","TS-2","TS-2","Yes"
1968,"DOL",NA,NA,NA,NA,"              DOLLY 051968 ",8,75,985,36,58,"1",NA,"TS-2","No"
1968,"EDN",NA,NA,NA,NA,"               EDNA 081968 ",9,60,1012,15,37,"0",NA,"TS-2","No"
1968,"FRA",NA,NA,NA,NA,"            FRANCES 121968 ",9,50,1001,32,65,"0",NA,"TS-2","No"
1968,"GLA","Oct","Gladys","2",1.17e+09,"             GLADYS 141968 ",10,85,977,25,79,"2","3-5","TS-2","Yes"
1968,"UNN",NA,NA,NA,NA,"            UNNAMED 061968 ",8,25,Inf,27,83,"0",NA,"TS-2","No"
1968,"UNN",NA,NA,NA,NA,"            UNNAMED 101968 ",9,30,Inf,14,32,"0",NA,"TS-2","No"
1968,"UNN",NA,NA,NA,NA,"            UNNAMED 151968 ",11,30,Inf,27,70,"0",NA,"TS-2","No"
1968,"UNN",NA,NA,NA,NA,"            UNNAMED 161968 ",9,55,997,47,60,"0",NA,"TS-2","No"
1968,"UNN",NA,NA,NA,NA,"            UNNAMED 091968 ",9,75,976,38,52,"1",NA,"TS-2","No"
1968,"UNN",NA,NA,NA,NA,"            UNNAMED 131968 ",9,30,1004,23,81,"0",NA,"TS-2","No"
1969,"ANN",NA,NA,NA,NA,"               ANNA 061969 ",7,60,1001,20,51,"0",NA,"TS-2","No"
1969,"BLA",NA,NA,NA,NA,"            BLANCHE 071969 ",8,75,996,40,50,"1",NA,"TS-2","No"
1969,"CAM","Aug","Camille","5",2.852e+10,"            CAMILLE 091969 ",8,150,900,29,80,"5",NA,"3-5","Yes"
1969,"DEB",NA,NA,NA,NA,"             DEBBIE 081969 ",8,110,950,32,53,"3",NA,"3-5","No"
1969,"EVE",NA,NA,NA,NA,"                EVE 121969 ",8,45,995,30,74,"0",NA,"TS-2","No"
1969,"FRA",NA,NA,NA,NA,"          FRANCELIA 131969 ",8,85,973,14,79,"2",NA,"TS-2","No"
1969,"GER",NA,NA,NA,NA,"              GERDA 161969 ",9,105,977,43,70,"3",NA,"3-5","No"
1969,"HOL",NA,NA,NA,NA,"              HOLLY 171969 ",9,70,984,14,50,"1",NA,"TS-2","No"
1969,"ING",NA,NA,NA,NA,"               INGA 201969 ",9,95,964,25,57,"2",NA,"TS-2","No"
1969,"JEN",NA,NA,NA,NA,"              JENNY 241969 ",10,40,1000,25,81,"0",NA,"TS-2","No"
1969,"KAR",NA,NA,NA,NA,"               KARA 251969 ",10,80,978,32,66,"1",NA,"TS-2","No"
1969,"LAU",NA,NA,NA,NA,"             LAURIE 261969 ",10,80,973,22,88,"1",NA,"TS-2","No"
1969,"MAR",NA,NA,NA,NA,"             MARTHA 291969 ",11,80,979,9,80,"1",NA,"TS-2","No"
1969,"UNN",NA,NA,NA,NA,"            UNNAMED 031969 ",6,25,Inf,21,81,"0",NA,"TS-2","No"
1969,"UNN",NA,NA,NA,NA,"            UNNAMED 051969 ",7,30,Inf,12,58,"0",NA,"TS-2","No"
1969,"UNN",NA,NA,NA,NA,"            UNNAMED 191969 ",9,30,1007,28,85,"0",NA,"TS-2","No"
1969,"UNN",NA,NA,NA,NA,"            UNNAMED 271969 ",10,60,990,39,42,"0",NA,"TS-2","No"
1969,"UNN",NA,NA,NA,NA,"            UNNAMED 151969 ",9,30,Inf,16,33,"0",NA,"TS-2","No"
1969,"UNN",NA,NA,NA,NA,"            UNNAMED 301969 ",8,30,Inf,21,96,"0",NA,"TS-2","No"
1969,"UNN",NA,NA,NA,NA,"            UNNAMED 211969 ",9,70,987,45,87,"1",NA,"TS-2","No"
1969,"UNN",NA,NA,NA,NA,"            UNNAMED 281969 ",10,80,988,35,42,"1",NA,"TS-2","No"
1969,"UNN",NA,NA,NA,NA,"            UNNAMED 221969 ",9,60,1004,37,38,"0",NA,"TS-2","No"
1969,"UNN",NA,NA,NA,NA,"            UNNAMED 231969 ",9,50,995,29,85,"0",NA,"TS-2","No"
1970,"ALM",NA,NA,NA,NA,"               ALMA 011970 ",5,65,993,20,81,"1",NA,"TS-2","No"
1970,"BEC",NA,NA,NA,NA,"              BECKY 021970 ",7,55,1003,26,85,"0",NA,"TS-2","No"
1970,"CEL","Aug","Celia","3",9.05e+09,"              CELIA 041970 ",7,120,944,25,92,"4","3-5","3-5","Yes"
1970,"DOR",NA,NA,NA,NA,"            DOROTHY 091970 ",8,60,996,13,56,"0",NA,"TS-2","No"
1970,"ELL",NA,NA,NA,NA,"               ELLA 121970 ",9,110,962,20,90,"3",NA,"3-5","No"
1970,"FEL",NA,NA,NA,NA,"             FELICE 131970 ",9,60,990,29,88,"0",NA,"TS-2","No"
1970,"GRE",NA,NA,NA,NA,"              GRETA 161970 ",9,40,1003,22,86,"0",NA,"TS-2","No"
1970,"UNN",NA,NA,NA,NA,"            UNNAMED 031970 ",7,30,1008,34,64,"0",NA,"TS-2","No"
1970,"UNN",NA,NA,NA,NA,"            UNNAMED 111970 ",9,25,Inf,15,23,"0",NA,"TS-2","No"
1970,"UNN",NA,NA,NA,NA,"            UNNAMED 201970 ",9,30,1008,28,96,"0",NA,"TS-2","No"
1970,"UNN",NA,NA,NA,NA,"            UNNAMED 051970 ",8,30,Inf,16,30,"0",NA,"TS-2","No"
1970,"UNN",NA,NA,NA,NA,"            UNNAMED 071970 ",8,30,Inf,19,41,"0",NA,"TS-2","No"
1970,"UNN",NA,NA,NA,NA,"            UNNAMED 081970 ",8,70,1002,29,49,"1",NA,"TS-2","No"
1970,"UNN",NA,NA,NA,NA,"            UNNAMED 221970 ",11,30,1004,14,82,"0",NA,"TS-2","No"
1970,"UNN",NA,NA,NA,NA,"            UNNAMED 151970 ",9,75,989,26,48,"1",NA,"TS-2","No"
1970,"UNN",NA,NA,NA,NA,"            UNNAMED 191970 ",10,85,995,36,39,"2",NA,"TS-2","No"
1970,"UNN",NA,NA,NA,NA,"            UNNAMED 181970 ",10,85,974,29,65,"2",NA,"TS-2","No"
1970,"UNN",NA,NA,NA,NA,"            UNNAMED 231970 ",11,60,987,44,73,"0",NA,"TS-2","No"
1970,"UNN",NA,NA,NA,NA,"            UNNAMED 141970 ",9,25,Inf,19,25,"0",NA,"TS-2","No"
1970,"UNN",NA,NA,NA,NA,"            UNNAMED 211970 ",9,40,Inf,26,58,"0",NA,"TS-2","No"
1970,"UNN",NA,NA,NA,NA,"            UNNAMED 101970 ",9,40,1006,19,51,"0",NA,"TS-2","No"
1971,"ARL",NA,NA,NA,NA,"             ARLENE 011971 ",7,55,1000,38,66,"0",NA,"TS-2","No"
1971,"BET",NA,NA,NA,NA,"               BETH 061971 ",8,75,977,35,70,"1",NA,"TS-2","No"
1971,"CHL",NA,NA,NA,NA,"              CHLOE 081971 ",8,55,1004,15,73,"0",NA,"TS-2","No"
1971,"DOR","Aug","Doria","0",3.42e+09,"              DORIA 091971 ",8,55,989,23,65,"0","TS-2","TS-2","Yes"
1971,"EDI","Sep","Edith","2",3.8e+08,"              EDITH 131971 ",9,140,943,19,84,"5","3-5","3-5","Yes"
1971,"FER","Sep","Fern","1",6.9e+08,"               FERN 111971 ",9,80,978,27,92,"1","TS-2","TS-2","Yes"
1971,"GIN","Sep","Ginger","1",2.7e+08,"             GINGER 141971 ",9,95,959,30,63,"2","TS-2","TS-2","Yes"
1971,"HEI",NA,NA,NA,NA,"              HEIDI 171971 ",9,55,996,33,71,"0",NA,"TS-2","No"
1971,"IRE",NA,NA,NA,NA,"              IRENE 181971 ",9,70,989,11,69,"1",NA,"TS-2","No"
1971,"JAN",NA,NA,NA,NA,"             JANICE 191971 ",9,55,1005,13,49,"0",NA,"TS-2","No"
1971,"KRI",NA,NA,NA,NA,"             KRISTY 211971 ",10,45,992,32,48,"0",NA,"TS-2","No"
1971,"LAU",NA,NA,NA,NA,"              LAURA 221971 ",11,60,994,17,83,"0",NA,"TS-2","No"
1971,"UNN",NA,NA,NA,NA,"            UNNAMED 051971 ",8,25,Inf,27,86,"0",NA,"TS-2","No"
1971,"UNN",NA,NA,NA,NA,"            UNNAMED 031971 ",7,25,Inf,27,97,"0",NA,"TS-2","No"
1971,"UNN",NA,NA,NA,NA,"            UNNAMED 021971 ",7,25,Inf,29,94,"0",NA,"TS-2","No"
1971,"UNN",NA,NA,NA,NA,"            UNNAMED 121971 ",9,30,Inf,14,28,"0",NA,"TS-2","No"
1971,"UNN",NA,NA,NA,NA,"            UNNAMED 041971 ",8,75,974,40,56,"1",NA,"TS-2","No"
1971,"UNN",NA,NA,NA,NA,"            UNNAMED 151971 ",9,25,Inf,31,75,"0",NA,"TS-2","No"
1971,"UNN",NA,NA,NA,NA,"            UNNAMED 071971 ",8,25,Inf,27,82,"0",NA,"TS-2","No"
1971,"UNN",NA,NA,NA,NA,"            UNNAMED 101971 ",8,25,Inf,25,82,"0",NA,"TS-2","No"
1971,"UNN",NA,NA,NA,NA,"            UNNAMED 201971 ",10,25,Inf,22,86,"0",NA,"TS-2","No"
1971,"UNN",NA,NA,NA,NA,"            UNNAMED 161971 ",9,30,Inf,16,29,"0",NA,"TS-2","No"
1972,"AGN","Jun","Agnes","1",2.644e+10,"              AGNES 021972 ",6,75,977,26,83,"1","TS-2","TS-2","Yes"
1972,"ALP",NA,NA,NA,NA,"              ALPHA 011972 ",5,60,991,31,78,"0",NA,"TS-2","No"
1972,"BET",NA,NA,NA,NA,"              BETTY 101972 ",8,90,976,39,45,"2",NA,"TS-2","No"
1972,"CAR","Sep","Carrie","0",3.9e+07,"             CARRIE 111972 ",8,60,992,36,70,"0","TS-2","TS-2","Yes"
1972,"CHA",NA,NA,NA,NA,"            CHARLIE 141972 ",9,60,944,43,48,"0",NA,"TS-2","No"
1972,"DAW",NA,NA,NA,NA,"               DAWN 131972 ",9,70,997,30,75,"1",NA,"TS-2","No"
1972,"DEL",NA,NA,NA,NA,"              DELTA 191972 ",11,40,1001,31,45,"0",NA,"TS-2","No"
1972,"UNN",NA,NA,NA,NA,"            UNNAMED 031972 ",6,25,Inf,29,67,"0",NA,"TS-2","No"
1972,"UNN",NA,NA,NA,NA,"            UNNAMED 161972 ",10,25,Inf,34,52,"0",NA,"TS-2","No"
1972,"UNN",NA,NA,NA,NA,"            UNNAMED 171972 ",10,30,Inf,17,42,"0",NA,"TS-2","No"
1972,"UNN",NA,NA,NA,NA,"            UNNAMED 081972 ",8,25,Inf,32,74,"0",NA,"TS-2","No"
1972,"UNN",NA,NA,NA,NA,"            UNNAMED 061972 ",7,25,Inf,25,62,"0",NA,"TS-2","No"
1972,"UNN",NA,NA,NA,NA,"            UNNAMED 071972 ",8,25,Inf,14,24,"0",NA,"TS-2","No"
1972,"UNN",NA,NA,NA,NA,"            UNNAMED 181972 ",10,25,Inf,12,34,"0",NA,"TS-2","No"
1972,"UNN",NA,NA,NA,NA,"            UNNAMED 121972 ",9,25,Inf,31,47,"0",NA,"TS-2","No"
1972,"UNN",NA,NA,NA,NA,"            UNNAMED 091972 ",8,25,Inf,14,22,"0",NA,"TS-2","No"
1972,"UNN",NA,NA,NA,NA,"            UNNAMED 041972 ",7,25,Inf,31,77,"0",NA,"TS-2","No"
1972,"UNN",NA,NA,NA,NA,"            UNNAMED 051972 ",7,25,Inf,37,40,"0",NA,"TS-2","No"
1972,"UNN",NA,NA,NA,NA,"            UNNAMED 151972 ",9,25,Inf,14,39,"0",NA,"TS-2","No"
1973,"ALF",NA,NA,NA,NA,"               ALFA 061973 ",7,40,1005,37,70,"0",NA,"TS-2","No"
1973,"ALI",NA,NA,NA,NA,"              ALICE 041973 ",7,80,986,33,63,"1",NA,"TS-2","No"
1973,"BRE",NA,NA,NA,NA,"             BRENDA 081973 ",8,80,977,19,88,"1",NA,"TS-2","No"
1973,"CHR",NA,NA,NA,NA,"          CHRISTINE 091973 ",8,60,996,12,40,"0",NA,"TS-2","No"
1973,"DEL","Sep","Delia","0",4.8e+08,"              DELIA 101973 ",9,60,986,26,92,"0","TS-2","TS-2","Yes"
1973,"ELL",NA,NA,NA,NA,"              ELLEN 121973 ",9,100,962,27,39,"3",NA,"3-5","No"
1973,"FRA",NA,NA,NA,NA,"               FRAN 141973 ",10,70,978,37,37,"1",NA,"TS-2","No"
1973,"GIL",NA,NA,NA,NA,"              GILDA 161973 ",10,60,968,30,69,"0",NA,"TS-2","No"
1973,"UNN",NA,NA,NA,NA,"            UNNAMED 111973 ",9,30,Inf,25,90,"0",NA,"TS-2","No"
1973,"UNN",NA,NA,NA,NA,"            UNNAMED 021973 ",5,25,Inf,27,55,"0",NA,"TS-2","No"
1973,"UNN",NA,NA,NA,NA,"            UNNAMED 071973 ",8,30,Inf,12,28,"0",NA,"TS-2","No"
1973,"UNN",NA,NA,NA,NA,"            UNNAMED 031973 ",6,25,Inf,31,78,"0",NA,"TS-2","No"
1973,"UNN",NA,NA,NA,NA,"            UNNAMED 131973 ",9,25,Inf,28,79,"0",NA,"TS-2","No"
1973,"UNN",NA,NA,NA,NA,"            UNNAMED 051973 ",7,25,Inf,10,39,"0",NA,"TS-2","No"
1973,"UNN",NA,NA,NA,NA,"            UNNAMED 171973 ",11,30,Inf,10,81,"0",NA,"TS-2","No"
1973,"UNN",NA,NA,NA,NA,"            UNNAMED 011973 ",4,25,Inf,26,62,"0",NA,"TS-2","No"
1973,"UNN",NA,NA,NA,NA,"            UNNAMED 151973 ",10,25,Inf,27,61,"0",NA,"TS-2","No"
1974,"ALM",NA,NA,NA,NA,"               ALMA 071974 ",8,55,1007,10,56,"0",NA,"TS-2","No"
1974,"BEC",NA,NA,NA,NA,"              BECKY 091974 ",8,100,977,35,60,"3",NA,"3-5","No"
1974,"CAR","Sep","Carmen","3",1.53e+09,"             CARMEN 101974 ",8,130,928,21,84,"4","3-5","3-5","Yes"
1974,"DOL",NA,NA,NA,NA,"              DOLLY 121974 ",9,45,1004,33,68,"0",NA,"TS-2","No"
1974,"ELA",NA,NA,NA,NA,"             ELAINE 131974 ",9,60,1001,28,61,"0",NA,"TS-2","No"
1974,"FIF",NA,NA,NA,NA,"               FIFI 141974 ",9,95,971,16,83,"2",NA,"TS-2","No"
1974,"GER",NA,NA,NA,NA,"           GERTRUDE 171974 ",9,65,999,11,56,"1",NA,"TS-2","No"
1974,"UNN",NA,NA,NA,NA,"            UNNAMED 191974 ",10,25,Inf,29,54,"0",NA,"TS-2","No"
1974,"UNN",NA,NA,NA,NA,"            UNNAMED 111974 ",9,30,Inf,15,49,"0",NA,"TS-2","No"
1974,"UNN",NA,NA,NA,NA,"            UNNAMED 011974 ",6,25,Inf,21,90,"0",NA,"TS-2","No"
1974,"UNN",NA,NA,NA,NA,"            UNNAMED 161974 ",9,30,Inf,23,86,"0",NA,"TS-2","No"
1974,"UNN",NA,NA,NA,NA,"            UNNAMED 151974 ",9,25,Inf,30,61,"0",NA,"TS-2","No"
1974,"UNN",NA,NA,NA,NA,"            UNNAMED 181974 ",10,45,1006,26,75,"0",NA,"TS-2","No"
1974,"UNN","Jun","Unnamed 1974","0",1.8e+08,"            UNNAMED 061974 ",8,50,992,38,65,"0","TS-2","TS-2","Yes"
1974,"UNN",NA,NA,NA,NA,"            UNNAMED 081974 ",8,30,Inf,26,90,"0",NA,"TS-2","No"
1974,"UNN",NA,NA,NA,NA,"            UNNAMED 201974 ",11,25,Inf,22,69,"0",NA,"TS-2","No"
1974,"UNN",NA,NA,NA,NA,"            UNNAMED 021974 ",6,55,1000,28,81,"0",NA,"TS-2","No"
1974,"UNN",NA,NA,NA,NA,"            UNNAMED 051974 ",7,45,1006,37,60,"0",NA,"TS-2","No"
1974,"UNN","Jun","Unnamed 1974","0",1.8e+08,"            UNNAMED 041974 ",7,30,Inf,26,90,"0","TS-2","TS-2","Yes"
1974,"UNN","Jun","Unnamed 1974","0",1.8e+08,"            UNNAMED 031974 ",6,30,Inf,18,28,"0","TS-2","TS-2","Yes"
1975,"AMY",NA,NA,NA,NA,"                AMY 021975 ",6,60,981,35,68,"0",NA,"TS-2","No"
1975,"BLA",NA,NA,NA,NA,"            BLANCHE 041975 ",7,75,980,33,70,"1",NA,"TS-2","No"
1975,"CAR",NA,NA,NA,NA,"           CAROLINE 071975 ",8,100,963,22,87,"3",NA,"3-5","No"
1975,"DOR",NA,NA,NA,NA,"              DORIS 081975 ",8,95,965,36,44,"2",NA,"TS-2","No"
1975,"ELO","Sep","Eloise","3",8.5e+09,"             ELOISE 131975 ",9,110,955,21,75,"3","3-5","3-5","Yes"
1975,"FAY",NA,NA,NA,NA,"               FAYE 141975 ",9,90,977,25,50,"2",NA,"TS-2","No"
1975,"GLA",NA,NA,NA,NA,"             GLADYS 151975 ",9,120,939,22,53,"4",NA,"3-5","No"
1975,"HAL",NA,NA,NA,NA,"             HALLIE 191975 ",10,45,1002,31,77,"0",NA,"TS-2","No"
1975,"UNN",NA,NA,NA,NA,"            UNNAMED 031975 ",7,25,Inf,32,70,"0",NA,"TS-2","No"
1975,"UNN",NA,NA,NA,NA,"            UNNAMED 121975 ",9,30,Inf,34,57,"0",NA,"TS-2","No"
1975,"UNN",NA,NA,NA,NA,"            UNNAMED 011975 ",6,30,Inf,33,55,"0",NA,"TS-2","No"
1975,"UNN",NA,NA,NA,NA,"            UNNAMED 101975 ",9,30,Inf,11,22,"0",NA,"TS-2","No"
1975,"UNN",NA,NA,NA,NA,"            UNNAMED 051975 ",7,25,Inf,21,94,"0",NA,"TS-2","No"
1975,"UNN",NA,NA,NA,NA,"            UNNAMED 201975 ",10,25,Inf,14,84,"0",NA,"TS-2","No"
1975,"UNN",NA,NA,NA,NA,"            UNNAMED 111975 ",9,25,Inf,21,96,"0",NA,"TS-2","No"
1975,"UNN",NA,NA,NA,NA,"            UNNAMED 091975 ",9,30,Inf,15,39,"0",NA,"TS-2","No"
1975,"UNN",NA,NA,NA,NA,"            UNNAMED 161975 ",9,25,Inf,18,85,"0",NA,"TS-2","No"
1975,"UNN",NA,NA,NA,NA,"            UNNAMED 221975 ",11,25,Inf,27,49,"0",NA,"TS-2","No"
1975,"UNN",NA,NA,NA,NA,"            UNNAMED 061975 ",7,30,Inf,29,88,"0",NA,"TS-2","No"
1975,"UNN",NA,NA,NA,NA,"            UNNAMED 171975 ",10,25,Inf,30,35,"0",NA,"TS-2","No"
1975,"UNN",NA,NA,NA,NA,"            UNNAMED 181975 ",10,30,Inf,25,92,"0",NA,"TS-2","No"
1975,"UNN",NA,NA,NA,NA,"            UNNAMED 211975 ",11,30,Inf,20,87,"0",NA,"TS-2","No"
1975,"UNN",NA,NA,NA,NA,"            UNNAMED 231975 ",12,60,985,32,39,"0",NA,"TS-2","No"
1976,"ANN",NA,NA,NA,NA,"               ANNA 061976 ",7,45,999,35,30,"0",NA,"TS-2","No"
1976,"BEL","Aug","Belle","1",7.2e+08,"              BELLE 071976 ",8,105,957,30,73,"3","TS-2","3-5","Yes"
1976,"CAN",NA,NA,NA,NA,"            CANDICE 091976 ",8,80,964,40,58,"1",NA,"TS-2","No"
1976,"DOT",NA,NA,NA,NA,"             DOTTIE 081976 ",8,45,996,27,81,"0",NA,"TS-2","No"
1976,"EMM",NA,NA,NA,NA,"               EMMY 101976 ",8,90,974,28,48,"2",NA,"TS-2","No"
1976,"FRA",NA,NA,NA,NA,"            FRANCES 111976 ",8,100,963,27,41,"3",NA,"3-5","No"
1976,"GLO",NA,NA,NA,NA,"             GLORIA 171976 ",9,90,970,31,52,"2",NA,"TS-2","No"
1976,"HOL",NA,NA,NA,NA,"              HOLLY 211976 ",10,65,990,30,51,"1",NA,"TS-2","No"
1976,"UNN",NA,NA,NA,NA,"            UNNAMED 141976 ",9,40,1011,32,79,"0",NA,"TS-2","No"
1976,"UNN",NA,NA,NA,NA,"            UNNAMED 161976 ",9,25,Inf,27,89,"0",NA,"TS-2","No"
1976,"UNN",NA,NA,NA,NA,"            UNNAMED 011976 ",5,45,994,29,82,"0",NA,"TS-2","No"
1976,"UNN",NA,NA,NA,NA,"            UNNAMED 131976 ",9,25,Inf,27,86,"0",NA,"TS-2","No"
1976,"UNN",NA,NA,NA,NA,"            UNNAMED 041976 ",7,25,Inf,32,71,"0",NA,"TS-2","No"
1976,"UNN",NA,NA,NA,NA,"            UNNAMED 181976 ",9,30,Inf,12,37,"0",NA,"TS-2","No"
1976,"UNN",NA,NA,NA,NA,"            UNNAMED 151976 ",9,30,Inf,20,41,"0",NA,"TS-2","No"
1976,"UNN",NA,NA,NA,NA,"            UNNAMED 201976 ",10,30,Inf,22,47,"0",NA,"TS-2","No"
1976,"UNN",NA,NA,NA,NA,"            UNNAMED 121976 ",9,25,Inf,33,74,"0",NA,"TS-2","No"
1976,"UNN",NA,NA,NA,NA,"            UNNAMED 021976 ",6,30,Inf,32,75,"0",NA,"TS-2","No"
1976,"UNN",NA,NA,NA,NA,"            UNNAMED 051976 ",7,25,Inf,10,27,"0",NA,"TS-2","No"
1976,"UNN",NA,NA,NA,NA,"            UNNAMED 031976 ",6,30,Inf,30,74,"0",NA,"TS-2","No"
1976,"UNN",NA,NA,NA,NA,"            UNNAMED 191976 ",10,30,Inf,15,60,"0",NA,"TS-2","No"
1977,"ANI",NA,NA,NA,NA,"              ANITA 051977 ",8,150,926,24,93,"5",NA,"3-5","No"
1977,"BAB","Sep","Babe","1",8.8e+07,"               BABE 061977 ",9,65,995,30,87,"1","TS-2","TS-2","Yes"
1977,"CLA",NA,NA,NA,NA,"              CLARA 071977 ",9,65,993,34,68,"1",NA,"TS-2","No"
1977,"DOR",NA,NA,NA,NA,"            DOROTHY 101977 ",9,75,980,36,59,"1",NA,"TS-2","No"
1977,"EVE",NA,NA,NA,NA,"             EVELYN 131977 ",10,70,994,37,61,"1",NA,"TS-2","No"
1977,"FRI",NA,NA,NA,NA,"             FRIEDA 141977 ",10,50,1005,17,84,"0",NA,"TS-2","No"
1977,"UNN",NA,NA,NA,NA,"            UNNAMED 121977 ",10,30,Inf,28,44,"0",NA,"TS-2","No"
1977,"UNN",NA,NA,NA,NA,"            UNNAMED 041977 ",8,30,Inf,11,28,"0",NA,"TS-2","No"
1977,"UNN",NA,NA,NA,NA,"            UNNAMED 021977 ",7,30,Inf,28,87,"0",NA,"TS-2","No"
1977,"UNN",NA,NA,NA,NA,"            UNNAMED 111977 ",10,30,Inf,10,50,"0",NA,"TS-2","No"
1977,"UNN",NA,NA,NA,NA,"            UNNAMED 031977 ",7,25,Inf,25,85,"0",NA,"TS-2","No"
1977,"UNN",NA,NA,NA,NA,"            UNNAMED 011977 ",6,25,Inf,27,95,"0",NA,"TS-2","No"
1977,"UNN",NA,NA,NA,NA,"            UNNAMED 091977 ",9,25,Inf,20,96,"0",NA,"TS-2","No"
1977,"UNN",NA,NA,NA,NA,"            UNNAMED 081977 ",9,25,Inf,10,39,"0",NA,"TS-2","No"
1977,"UNN",NA,NA,NA,NA,"            UNNAMED 151977 ",10,30,Inf,27,91,"0",NA,"TS-2","No"
1978,"AME","Jul","Amelia","0",2.8e+08,"             AMELIA 041978 ",7,45,1005,27,97,"0","TS-2","TS-2","Yes"
1978,"BES",NA,NA,NA,NA,"               BESS 051978 ",8,45,1005,22,94,"0",NA,"TS-2","No"
1978,"COR",NA,NA,NA,NA,"               CORA 061978 ",8,80,980,12,50,"1",NA,"TS-2","No"
1978,"DEB",NA,NA,NA,NA,"              DEBRA 091978 ",8,50,1000,26,92,"0",NA,"TS-2","No"
1978,"ELL",NA,NA,NA,NA,"               ELLA 101978 ",8,120,956,33,65,"4",NA,"3-5","No"
1978,"FLO",NA,NA,NA,NA,"            FLOSSIE 131978 ",9,85,976,28,47,"2",NA,"TS-2","No"
1978,"GRE",NA,NA,NA,NA,"              GRETA 161978 ",9,115,947,14,78,"4",NA,"3-5","No"
1978,"HOP",NA,NA,NA,NA,"               HOPE 151978 ",9,55,987,37,54,"0",NA,"TS-2","No"
1978,"IRM",NA,NA,NA,NA,"               IRMA 191978 ",10,45,1001,34,30,"0",NA,"TS-2","No"
1978,"JUL",NA,NA,NA,NA,"             JULIET 201978 ",10,45,1006,21,63,"0",NA,"TS-2","No"
1978,"KEN",NA,NA,NA,NA,"             KENDRA 231978 ",10,70,990,33,61,"1",NA,"TS-2","No"
1978,"UNN",NA,NA,NA,NA,"            UNNAMED 081978 ",8,25,Inf,27,89,"0",NA,"TS-2","No"
1978,"UNN",NA,NA,NA,NA,"            UNNAMED 021978 ",6,25,Inf,25,84,"0",NA,"TS-2","No"
1978,"UNN",NA,NA,NA,NA,"            UNNAMED 071978 ",8,30,Inf,12,68,"0",NA,"TS-2","No"
1978,"UNN",NA,NA,NA,NA,"            UNNAMED 181978 ",9,30,Inf,20,94,"0",NA,"TS-2","No"
1978,"UNN",NA,NA,NA,NA,"            UNNAMED 031978 ",7,30,Inf,14,35,"0",NA,"TS-2","No"
1978,"UNN",NA,NA,NA,NA,"            UNNAMED 011978 ",1,40,1002,22,53,"0",NA,"TS-2","No"
1978,"UNN",NA,NA,NA,NA,"            UNNAMED 221978 ",10,25,Inf,8,32,"0",NA,"TS-2","No"
1978,"UNN",NA,NA,NA,NA,"            UNNAMED 111978 ",8,30,Inf,27,88,"0",NA,"TS-2","No"
1978,"UNN",NA,NA,NA,NA,"            UNNAMED 121978 ",9,30,Inf,19,33,"0",NA,"TS-2","No"
1978,"UNN",NA,NA,NA,NA,"            UNNAMED 141978 ",9,30,Inf,23,96,"0",NA,"TS-2","No"
1978,"UNN",NA,NA,NA,NA,"            UNNAMED 211978 ",10,30,Inf,37,36,"0",NA,"TS-2","No"
1978,"UNN",NA,NA,NA,NA,"            UNNAMED 241978 ",11,25,Inf,33,73,"0",NA,"TS-2","No"
1978,"UNN",NA,NA,NA,NA,"            UNNAMED 171978 ",9,30,Inf,17,41,"0",NA,"TS-2","No"
1979,"ANA",NA,NA,NA,NA,"                ANA 021979 ",6,50,1005,12,54,"0",NA,"TS-2","No"
1979,"BOB","Jul","Bob","1",9e+07,"                BOB 041979 ",7,65,986,32,84,"1","TS-2","TS-2","Yes"
1979,"CLA","Jul","Claudette","0",2.02e+09,"          CLAUDETTE 061979 ",7,45,997,24,79,"0","TS-2","TS-2","Yes"
1979,"DAV","Sep","David","2",3.84e+09,"              DAVID 091979 ",8,150,924,22,65,"5","3-5","3-5","Yes"
1979,"ELE","Sep","Elena","0",1.1e+08,"              ELENA 121979 ",8,35,1004,26,92,"0","TS-2","TS-2","Yes"
1979,"FRE","Sep","Frederic","3",1.717e+10,"           FREDERIC 111979 ",8,115,943,20,67,"4","3-5","3-5","Yes"
1979,"GLO",NA,NA,NA,NA,"             GLORIA 141979 ",9,85,975,29,39,"2",NA,"TS-2","No"
1979,"HEN",NA,NA,NA,NA,"              HENRI 151979 ",9,75,983,21,91,"1",NA,"TS-2","No"
1979,"UNN",NA,NA,NA,NA,"            UNNAMED 201979 ",11,30,Inf,27,50,"0",NA,"TS-2","No"
1979,"UNN",NA,NA,NA,NA,"            UNNAMED 011979 ",6,30,Inf,23,79,"0",NA,"TS-2","No"
1979,"UNN",NA,NA,NA,NA,"            UNNAMED 101979 ",8,30,Inf,21,96,"0",NA,"TS-2","No"
1979,"UNN",NA,NA,NA,NA,"            UNNAMED 071979 ",7,30,Inf,20,45,"0",NA,"TS-2","No"
1979,"UNN",NA,NA,NA,NA,"            UNNAMED 181979 ",10,65,980,38,62,"1",NA,"TS-2","No"
1979,"UNN",NA,NA,NA,NA,"            UNNAMED 051979 ",7,30,Inf,31,69,"0",NA,"TS-2","No"
1979,"UNN",NA,NA,NA,NA,"            UNNAMED 031979 ",7,25,Inf,28,67,"0",NA,"TS-2","No"
1979,"UNN",NA,NA,NA,NA,"            UNNAMED 131979 ",9,30,Inf,27,33,"0",NA,"TS-2","No"
1979,"UNN",NA,NA,NA,NA,"            UNNAMED 081979 ",7,30,Inf,31,62,"0",NA,"TS-2","No"
1979,"UNN",NA,NA,NA,NA,"            UNNAMED 171979 ",10,30,Inf,18,83,"0",NA,"TS-2","No"
1979,"UNN",NA,NA,NA,NA,"            UNNAMED 191979 ",10,30,Inf,15,80,"0",NA,"TS-2","No"
1979,"UNN",NA,NA,NA,NA,"            UNNAMED 161979 ",9,30,Inf,26,50,"0",NA,"TS-2","No"
1980,"ALL","Aug","Allen","3",3.04e+09,"              ALLEN 041980 ",7,165,899,18,71,"5","3-5","3-5","Yes"
1980,"BON",NA,NA,NA,NA,"             BONNIE 061980 ",8,85,975,26,38,"2",NA,"TS-2","No"
1980,"CHA",NA,NA,NA,NA,"            CHARLEY 071980 ",8,70,989,36,62,"1",NA,"TS-2","No"
1980,"DAN",NA,NA,NA,NA,"           DANIELLE 111980 ",9,50,1004,28,94,"0",NA,"TS-2","No"
1980,"EAR",NA,NA,NA,NA,"               EARL 101980 ",9,65,985,29,35,"1",NA,"TS-2","No"
1980,"FRA",NA,NA,NA,NA,"            FRANCES 121980 ",9,100,958,23,37,"3",NA,"3-5","No"
1980,"GEO",NA,NA,NA,NA,"            GEORGES 091980 ",9,70,993,26,57,"1",NA,"TS-2","No"
1980,"HER",NA,NA,NA,NA,"            HERMINE 131980 ",9,60,993,16,89,"0",NA,"TS-2","No"
1980,"IVA",NA,NA,NA,NA,"               IVAN 141980 ",10,90,970,34,29,"2",NA,"TS-2","No"
1980,"JEA",NA,NA,NA,NA,"             JEANNE 161980 ",11,85,986,22,88,"2",NA,"TS-2","No"
1980,"KAR",NA,NA,NA,NA,"               KARL 181980 ",11,75,985,38,40,"1",NA,"TS-2","No"
1980,"UNN",NA,NA,NA,NA,"            UNNAMED 021980 ",7,30,Inf,27,92,"0",NA,"TS-2","No"
1980,"UNN",NA,NA,NA,NA,"            UNNAMED 031980 ",7,30,Inf,31,73,"0",NA,"TS-2","No"
1980,"UNN",NA,NA,NA,NA,"            UNNAMED 011980 ",7,25,Inf,29,83,"0",NA,"TS-2","No"
1980,"UNN",NA,NA,NA,NA,"            UNNAMED 051980 ",8,30,Inf,23,29,"0",NA,"TS-2","No"
1980,"UNN",NA,NA,NA,NA,"            UNNAMED 171980 ",11,30,Inf,20,82,"0",NA,"TS-2","No"
1980,"UNN",NA,NA,NA,NA,"            UNNAMED 081980 ",8,30,Inf,16,45,"0",NA,"TS-2","No"
1980,"UNN",NA,NA,NA,NA,"            UNNAMED 151980 ",10,25,Inf,16,86,"0",NA,"TS-2","No"
1981,"ARL",NA,NA,NA,NA,"             ARLENE 031981 ",5,50,999,20,77,"0",NA,"TS-2","No"
1981,"BRE",NA,NA,NA,NA,"               BRET 061981 ",6,60,996,36,71,"0",NA,"TS-2","No"
1981,"CIN",NA,NA,NA,NA,"              CINDY 091981 ",8,50,1002,39,60,"0",NA,"TS-2","No"
1981,"DEN","Aug","Dennis","0",2.1e+08,"             DENNIS 101981 ",8,70,995,20,64,"1","TS-2","TS-2","Yes"
1981,"EMI",NA,NA,NA,NA,"              EMILY 131981 ",8,80,966,37,56,"1",NA,"TS-2","No"
1981,"FLO",NA,NA,NA,NA,"              FLOYD 141981 ",9,100,975,27,57,"3",NA,"3-5","No"
1981,"GER",NA,NA,NA,NA,"               GERT 151981 ",9,90,988,27,59,"2",NA,"TS-2","No"
1981,"HAR",NA,NA,NA,NA,"             HARVEY 161981 ",9,115,946,29,53,"4",NA,"3-5","No"
1981,"IRE",NA,NA,NA,NA,"              IRENE 181981 ",9,105,959,25,42,"3",NA,"3-5","No"
1981,"JOS",NA,NA,NA,NA,"               JOSE 201981 ",10,45,998,31,40,"0",NA,"TS-2","No"
1981,"KAT",NA,NA,NA,NA,"            KATRINA 211981 ",11,75,980,20,77,"1",NA,"TS-2","No"
1981,"UNN",NA,NA,NA,NA,"            UNNAMED 021981 ",4,25,Inf,12,78,"0",NA,"TS-2","No"
1981,"UNN",NA,NA,NA,NA,"            UNNAMED 051981 ",6,30,Inf,20,94,"0",NA,"TS-2","No"
1981,"UNN",NA,NA,NA,NA,"            UNNAMED 071981 ",7,30,Inf,28,80,"0",NA,"TS-2","No"
1981,"UNN",NA,NA,NA,NA,"            UNNAMED 081981 ",7,30,Inf,24,95,"0",NA,"TS-2","No"
1981,"UNN",NA,NA,NA,NA,"            UNNAMED 011981 ",4,30,Inf,19,62,"0",NA,"TS-2","No"
1981,"UNN",NA,NA,NA,NA,"            UNNAMED 121981 ",8,30,Inf,22,96,"0",NA,"TS-2","No"
1981,"UNN",NA,NA,NA,NA,"            UNNAMED 041981 ",6,30,Inf,23,95,"0",NA,"TS-2","No"
1981,"UNN",NA,NA,NA,NA,"            UNNAMED 191981 ",9,30,Inf,16,53,"0",NA,"TS-2","No"
1981,"UNN",NA,NA,NA,NA,"            UNNAMED 111981 ",8,30,Inf,12,46,"0",NA,"TS-2","No"
1981,"UNN",NA,NA,NA,NA,"            UNNAMED 221981 ",11,60,978,35,70,"0",NA,"TS-2","No"
1981,"UNN",NA,NA,NA,NA,"            UNNAMED 171981 ",9,30,Inf,11,78,"0",NA,"TS-2","No"
1982,"ALB",NA,NA,NA,NA,"            ALBERTO 011982 ",6,75,985,23,83,"1",NA,"TS-2","No"
1982,"BER",NA,NA,NA,NA,"              BERYL 031982 ",8,60,989,17,42,"0",NA,"TS-2","No"
1982,"CHR","Sep","Chris","0",3e+06,"              CHRIS 051982 ",9,55,994,28,92,"0","TS-2","TS-2","Yes"
1982,"DEB",NA,NA,NA,NA,"              DEBBY 061982 ",9,115,950,35,58,"4",NA,"3-5","No"
1982,"ERN",NA,NA,NA,NA,"            ERNESTO 081982 ",9,60,997,27,64,"0",NA,"TS-2","No"
1982,"UNN",NA,NA,NA,NA,"            UNNAMED 021982 ",6,60,984,34,74,"0",NA,"TS-2","No"
1982,"UNN","Jun","Unnamed 1982","0",8.4e+07,"            UNNAMED 071982 ",9,30,Inf,32,67,"0","TS-2","TS-2","Yes"
1982,"UNN","Jun","Unnamed 1982","0",8.4e+07,"            UNNAMED 041982 ",9,30,Inf,19,59,"0","TS-2","TS-2","Yes"
1983,"ALI","Aug","Alicia","3",2.233e+10,"             ALICIA 031983 ",8,100,962,30,95,"3","3-5","3-5","Yes"
1983,"BAR",NA,NA,NA,NA,"              BARRY 041983 ",8,70,986,25,86,"1",NA,"TS-2","No"
1983,"CHA",NA,NA,NA,NA,"            CHANTAL 051983 ",9,65,994,34,56,"1",NA,"TS-2","No"
1983,"DEA",NA,NA,NA,NA,"               DEAN 061983 ",9,55,999,32,72,"0",NA,"TS-2","No"
1983,"UNN",NA,NA,NA,NA,"            UNNAMED 021983 ",7,30,Inf,14,44,"0",NA,"TS-2","No"
1983,"UNN",NA,NA,NA,NA,"            UNNAMED 011983 ",7,30,Inf,12,52,"0",NA,"TS-2","No"
1984,"ART",NA,NA,NA,NA,"             ARTHUR 061984 ",8,45,1004,16,59,"0",NA,"TS-2","No"
1984,"BER",NA,NA,NA,NA,"             BERTHA 071984 ",8,35,1007,20,47,"0",NA,"TS-2","No"
1984,"CES",NA,NA,NA,NA,"              CESAR 081984 ",8,50,989,41,57,"0",NA,"TS-2","No"
1984,"DIA","Sep","Diana","2",6.2e+08,"              DIANA 101984 ",9,115,949,33,76,"4","3-5","3-5","Yes"
1984,"EDO",NA,NA,NA,NA,"            EDOUARD 111984 ",9,55,998,20,95,"0",NA,"TS-2","No"
1984,"FRA",NA,NA,NA,NA,"               FRAN 121984 ",9,55,994,17,30,"0",NA,"TS-2","No"
1984,"GUS",NA,NA,NA,NA,"             GUSTAV 131984 ",9,45,1006,31,64,"0",NA,"TS-2","No"
1984,"HOR",NA,NA,NA,NA,"           HORTENSE 141984 ",9,65,993,32,58,"1",NA,"TS-2","No"
1984,"ISI","Sep","Isidore","0",8e+06,"            ISIDORE 151984 ",9,50,999,29,75,"0","TS-2","TS-2","Yes"
1984,"JOS",NA,NA,NA,NA,"          JOSEPHINE 161984 ",10,90,965,34,64,"2",NA,"TS-2","No"
1984,"KLA",NA,NA,NA,NA,"              KLAUS 181984 ",11,80,971,25,58,"1",NA,"TS-2","No"
1984,"LIL",NA,NA,NA,NA,"               LILI 201984 ",12,70,980,28,55,"1",NA,"TS-2","No"
1984,"UNN",NA,NA,NA,NA,"            UNNAMED 051984 ",8,50,1000,40,52,"0",NA,"TS-2","No"
1984,"UNN",NA,NA,NA,NA,"            UNNAMED 031984 ",7,30,Inf,13,58,"0",NA,"TS-2","No"
1984,"UNN",NA,NA,NA,NA,"            UNNAMED 041984 ",8,30,Inf,37,62,"0",NA,"TS-2","No"
1984,"UNN",NA,NA,NA,NA,"            UNNAMED 011984 ",6,30,Inf,28,78,"0",NA,"TS-2","No"
1984,"UNN",NA,NA,NA,NA,"            UNNAMED 021984 ",6,30,Inf,21,96,"0",NA,"TS-2","No"
1984,"UNN",NA,NA,NA,NA,"            UNNAMED 191984 ",11,30,Inf,26,64,"0",NA,"TS-2","No"
1984,"UNN",NA,NA,NA,NA,"            UNNAMED 091984 ",9,30,Inf,21,96,"0",NA,"TS-2","No"
1984,"UNN",NA,NA,NA,NA,"            UNNAMED 171984 ",10,30,Inf,27,80,"0",NA,"TS-2","No"
1985,"ANA",NA,NA,NA,NA,"                ANA 011985 ",7,60,996,36,63,"0",NA,"TS-2","No"
1985,"BOB","Jul","Bob","1",1.9e+08,"                BOB 021985 ",7,65,1002,28,81,"1","TS-2","TS-2","Yes"
1985,"CLA",NA,NA,NA,NA,"          CLAUDETTE 031985 ",8,75,980,35,56,"1",NA,"TS-2","No"
1985,"DAN","Aug","Danny","1",2e+08,"              DANNY 041985 ",8,80,987,30,83,"1","TS-2","TS-2","Yes"
1985,"ELE","Sep","Elena","3",5.36e+09,"              ELENA 051985 ",8,110,953,28,86,"3","3-5","3-5","Yes"
1985,"FAB",NA,NA,NA,NA,"             FABIAN 081985 ",9,55,994,27,59,"0",NA,"TS-2","No"
1985,"GLO","Sep","Gloria","3",3.92e+09,"             GLORIA 091985 ",9,125,920,29,52,"4","3-5","3-5","Yes"
1985,"HEN",NA,NA,NA,NA,"              HENRI 101985 ",9,50,996,35,73,"0",NA,"TS-2","No"
1985,"ISA",NA,NA,NA,NA,"             ISABEL 111985 ",10,60,997,28,76,"0",NA,"TS-2","No"
1985,"JUA","Oct","Juan","1",6.14e+09,"               JUAN 121985 ",10,75,971,28,90,"1","TS-2","TS-2","Yes"
1985,"KAT","Nov","Kate","2",1.8e+09,"               KATE 131985 ",11,105,954,25,75,"3","3-5","3-5","Yes"
1985,"UNN",NA,NA,NA,NA,"            UNNAMED 141985 ",12,30,Inf,10,78,"0",NA,"TS-2","No"
1985,"UNN",NA,NA,NA,NA,"            UNNAMED 061985 ",9,30,Inf,24,38,"0",NA,"TS-2","No"
1985,"UNN",NA,NA,NA,NA,"            UNNAMED 071985 ",9,30,Inf,12,65,"0",NA,"TS-2","No"
1986,"AND",NA,NA,NA,NA,"             ANDREW 011986 ",6,45,999,31,75,"0",NA,"TS-2","No"
1986,"BON","Jun","Bonnie","1",7e+06,"             BONNIE 021986 ",6,75,990,29,91,"1","TS-2","TS-2","Yes"
1986,"CHA","Aug","Charley","1",7.9e+07,"            CHARLEY 051986 ",8,70,980,42,46,"1","TS-2","TS-2","Yes"
1986,"DAN",NA,NA,NA,NA,"           DANIELLE 081986 ",9,50,1000,12,63,"0",NA,"TS-2","No"
1986,"EAR",NA,NA,NA,NA,"               EARL 091986 ",9,90,979,31,49,"2",NA,"TS-2","No"
1986,"FRA",NA,NA,NA,NA,"            FRANCES 101986 ",11,75,1000,26,60,"1",NA,"TS-2","No"
1986,"UNN",NA,NA,NA,NA,"            UNNAMED 041986 ",8,30,Inf,25,94,"0",NA,"TS-2","No"
1986,"UNN",NA,NA,NA,NA,"            UNNAMED 031986 ",7,30,Inf,29,61,"0",NA,"TS-2","No"
1986,"UNN",NA,NA,NA,NA,"            UNNAMED 061986 ",8,30,Inf,18,46,"0",NA,"TS-2","No"
1986,"UNN",NA,NA,NA,NA,"            UNNAMED 071986 ",9,30,Inf,19,92,"0",NA,"TS-2","No"
1987,"ARL",NA,NA,NA,NA,"             ARLENE 021987 ",8,65,987,34,49,"1",NA,"TS-2","No"
1987,"BRE",NA,NA,NA,NA,"               BRET 051987 ",8,45,1000,16,39,"0",NA,"TS-2","No"
1987,"CIN",NA,NA,NA,NA,"              CINDY 071987 ",9,45,1000,28,35,"0",NA,"TS-2","No"
1987,"DEN",NA,NA,NA,NA,"             DENNIS 101987 ",9,45,1000,16,38,"0",NA,"TS-2","No"
1987,"EMI",NA,NA,NA,NA,"              EMILY 121987 ",9,110,958,22,62,"3",NA,"3-5","No"
1987,"FLO",NA,NA,NA,NA,"              FLOYD 131987 ",10,65,993,20,81,"1",NA,"TS-2","No"
1987,"UNN","Aug","Unnamed","0",2.7e+07,"            UNNAMED 031987 ",8,40,1007,30,88,"0","TS-2","TS-2","Yes"
1987,"UNN",NA,NA,NA,NA,"            UNNAMED 041987 ",8,30,Inf,15,55,"0",NA,"TS-2","No"
1987,"UNN",NA,NA,NA,NA,"            UNNAMED 081987 ",9,30,Inf,13,73,"0",NA,"TS-2","No"
1987,"UNN",NA,NA,NA,NA,"            UNNAMED 011987 ",5,30,Inf,24,72,"0",NA,"TS-2","No"
1987,"UNN",NA,NA,NA,NA,"            UNNAMED 061987 ",8,30,Inf,15,39,"0",NA,"TS-2","No"
1987,"UNN",NA,NA,NA,NA,"            UNNAMED 091987 ",9,30,Inf,31,78,"0",NA,"TS-2","No"
1987,"UNN","Aug","Unnamed","0",2.7e+07,"            UNNAMED 111987 ",9,30,Inf,17,59,"0","TS-2","TS-2","Yes"
1987,"UNN","Aug","Unnamed","0",2.7e+07,"            UNNAMED 141987 ",10,30,Inf,21,80,"0","TS-2","TS-2","Yes"
1988,"ALB",NA,NA,NA,NA,"            ALBERTO 011988 ",8,35,1002,40,69,"0",NA,"TS-2","No"
1988,"BER","Aug","Beryl","0",3e+06,"              BERYL 021988 ",8,45,1001,29,90,"0","TS-2","TS-2","Yes"
1988,"CHR","Aug","Chris","0",3e+06,"              CHRIS 031988 ",8,45,1005,23,67,"0","TS-2","TS-2","Yes"
1988,"DEB",NA,NA,NA,NA,"              DEBBY 041988 ",8,65,987,20,101,"1",NA,"TS-2","No"
1988,"ERN",NA,NA,NA,NA,"            ERNESTO 051988 ",9,55,994,36,47,"0",NA,"TS-2","No"
1988,"FLO","Sep","Florence","1",2e+06,"           FLORENCE 071988 ",9,70,982,26,90,"1","TS-2","TS-2","Yes"
1988,"GIL","Sep","Gilbert","0",2.9e+08,"            GILBERT 081988 ",9,160,888,21,82,"5","TS-2","3-5","Yes"
1988,"HEL",NA,NA,NA,NA,"             HELENE 091988 ",9,125,938,22,43,"4",NA,"3-5","No"
1988,"ISA",NA,NA,NA,NA,"              ISAAC 101988 ",9,40,1005,10,52,"0",NA,"TS-2","No"
1988,"JOA",NA,NA,NA,NA,"               JOAN 111988 ",10,125,932,11,67,"4",NA,"3-5","No"
1988,"KEI","Nov","Keith","0",1.6e+07,"              KEITH 121988 ",11,65,945,26,74,"1","TS-2","TS-2","Yes"
1988,"UNN",NA,NA,NA,NA,"            UNNAMED 061988 ",9,50,994,17,20,"0",NA,"TS-2","No"
1988,"UNN",NA,NA,NA,NA,"            UNNAMED 131988 ",5,25,Inf,22,82,"0",NA,"TS-2","No"
1988,"UNN",NA,NA,NA,NA,"            UNNAMED 191988 ",10,30,Inf,13,71,"0",NA,"TS-2","No"
1988,"UNN",NA,NA,NA,NA,"            UNNAMED 141988 ",8,30,Inf,27,78,"0",NA,"TS-2","No"
1988,"UNN",NA,NA,NA,NA,"            UNNAMED 181988 ",9,25,Inf,11,24,"0",NA,"TS-2","No"
1988,"UNN",NA,NA,NA,NA,"            UNNAMED 151988 ",8,30,Inf,23,44,"0",NA,"TS-2","No"
1988,"UNN",NA,NA,NA,NA,"            UNNAMED 161988 ",8,30,Inf,14,72,"0",NA,"TS-2","No"
1988,"UNN",NA,NA,NA,NA,"            UNNAMED 171988 ",9,30,Inf,28,92,"0",NA,"TS-2","No"
1989,"ALL","Jun","Allison","0",2.71e+09,"            ALLISON 021989 ",6,45,999,29,94,"0","TS-2","TS-2","Yes"
1989,"BAR",NA,NA,NA,NA,"              BARRY 031989 ",7,45,1005,19,50,"0",NA,"TS-2","No"
1989,"CHA","Aug","Chantal","1",3.9e+08,"            CHANTAL 041989 ",7,70,984,28,93,"1","TS-2","TS-2","Yes"
1989,"DEA",NA,NA,NA,NA,"               DEAN 051989 ",7,90,968,26,57,"2",NA,"TS-2","No"
1989,"ERI",NA,NA,NA,NA,"               ERIN 071989 ",8,90,968,28,37,"2",NA,"TS-2","No"
1989,"FEL",NA,NA,NA,NA,"              FELIX 081989 ",8,75,979,31,36,"1",NA,"TS-2","No"
1989,"GAB",NA,NA,NA,NA,"          GABRIELLE 101989 ",8,125,935,25,50,"4",NA,"3-5","No"
1989,"HUG","Sep","Hugo","4",2.743e+10,"               HUGO 111989 ",9,140,918,23,56,"5","3-5","3-5","Yes"
1989,"IRI",NA,NA,NA,NA,"               IRIS 121989 ",9,60,1001,16,56,"0",NA,"TS-2","No"
1989,"JER","Oct","Jerry","1",3.2e+08,"              JERRY 141989 ",10,75,982,25,93,"1","TS-2","TS-2","Yes"
1989,"KAR",NA,NA,NA,NA,"              KAREN 151989 ",11,50,1000,18,84,"0",NA,"TS-2","No"
1989,"UNN",NA,NA,NA,NA,"            UNNAMED 061989 ",8,30,Inf,15,29,"0",NA,"TS-2","No"
1989,"UNN",NA,NA,NA,NA,"            UNNAMED 131989 ",10,30,Inf,16,48,"0",NA,"TS-2","No"
1989,"UNN",NA,NA,NA,NA,"            UNNAMED 091989 ",8,25,Inf,13,50,"0",NA,"TS-2","No"
1989,"UNN",NA,NA,NA,NA,"            UNNAMED 011989 ",6,25,Inf,19,93,"0",NA,"TS-2","No"
1990,"ART",NA,NA,NA,NA,"             ARTHUR 021990 ",7,60,995,11,58,"0",NA,"TS-2","No"
1990,"BER",NA,NA,NA,NA,"             BERTHA 031990 ",7,70,973,33,69,"1",NA,"TS-2","No"
1990,"CES",NA,NA,NA,NA,"              CESAR 041990 ",7,45,1000,19,37,"0",NA,"TS-2","No"
1990,"DIA",NA,NA,NA,NA,"              DIANA 051990 ",8,85,980,18,91,"2",NA,"TS-2","No"
1990,"EDO",NA,NA,NA,NA,"            EDOUARD 061990 ",8,40,1003,37,26,"0",NA,"TS-2","No"
1990,"FRA",NA,NA,NA,NA,"               FRAN 071990 ",8,35,1007,8,46,"0",NA,"TS-2","No"
1990,"GUS",NA,NA,NA,NA,"             GUSTAV 081990 ",8,105,956,24,53,"3",NA,"3-5","No"
1990,"HOR",NA,NA,NA,NA,"           HORTENSE 091990 ",8,55,993,21,43,"0",NA,"TS-2","No"
1990,"ISI",NA,NA,NA,NA,"            ISIDORE 101990 ",9,85,978,27,41,"2",NA,"TS-2","No"
1990,"JOS",NA,NA,NA,NA,"          JOSEPHINE 121990 ",9,75,980,23,38,"1",NA,"TS-2","No"
1990,"KLA",NA,NA,NA,NA,"              KLAUS 131990 ",10,70,985,18,63,"1",NA,"TS-2","No"
1990,"LIL",NA,NA,NA,NA,"               LILI 141990 ",10,65,987,33,55,"1",NA,"TS-2","No"
1990,"MAR","Oct","Marco","0",2.9e+08,"              MARCO 151990 ",10,55,989,27,81,"0","TS-2","TS-2","Yes"
1990,"NAN",NA,NA,NA,NA,"               NANA 161990 ",10,75,989,25,63,"1",NA,"TS-2","No"
1990,"UNN",NA,NA,NA,NA,"            UNNAMED 011990 ",5,25,Inf,21,82,"0",NA,"TS-2","No"
1990,"UNN",NA,NA,NA,NA,"            UNNAMED 111990 ",9,30,Inf,17,50,"0",NA,"TS-2","No"
1991,"ANA",NA,NA,NA,NA,"                ANA 011991 ",6,45,1000,31,74,"0",NA,"TS-2","No"
1991,"BOB","Aug","Bob","2",4.69e+09,"                BOB 031991 ",8,100,950,39,42,"3","3-5","3-5","Yes"
1991,"CLA",NA,NA,NA,NA,"          CLAUDETTE 061991 ",9,115,944,30,49,"4",NA,"3-5","No"
1991,"DAN",NA,NA,NA,NA,"              DANNY 071991 ",9,45,998,12,40,"0",NA,"TS-2","No"
1991,"ERI",NA,NA,NA,NA,"              ERIKA 081991 ",9,50,997,33,38,"0",NA,"TS-2","No"
1991,"FAB",NA,NA,NA,NA,"             FABIAN 091991 ",10,40,1002,22,81,"0",NA,"TS-2","No"
1991,"GRA",NA,NA,NA,NA,"              GRACE 111991 ",10,90,980,29,65,"2",NA,"TS-2","No"
1991,"UNN",NA,NA,NA,NA,"            UNNAMED 051991 ",8,30,Inf,11,40,"0",NA,"TS-2","No"
1991,"UNN",NA,NA,NA,NA,"            UNNAMED 021991 ",7,30,Inf,23,96,"0",NA,"TS-2","No"
1991,"UNN",NA,NA,NA,NA,"            UNNAMED 121991 ",10,65,972,39,63,"1",NA,"TS-2","No"
1991,"UNN",NA,NA,NA,NA,"            UNNAMED 041991 ",8,30,1009,14,25,"0",NA,"TS-2","No"
1991,"UNN",NA,NA,NA,NA,"            UNNAMED 101991 ",10,25,1009,13,44,"0",NA,"TS-2","No"
1992,"AND","Aug","Andrew","3",3.03e+09,"             ANDREW 041992 ",8,150,922,23,69,"5","3-5","3-5","Yes"
1992,"AND","Aug","Andrew","5",8.722e+10,"             ANDREW 041992 ",8,150,922,23,69,"5",NA,"3-5","Yes"
1992,"BON",NA,NA,NA,NA,"             BONNIE 051992 ",9,95,965,35,44,"2",NA,"TS-2","No"
1992,"CHA",NA,NA,NA,NA,"            CHARLEY 061992 ",9,95,965,36,29,"2",NA,"TS-2","No"
1992,"DAN",NA,NA,NA,NA,"           DANIELLE 071992 ",9,55,1001,34,73,"0",NA,"TS-2","No"
1992,"EAR",NA,NA,NA,NA,"               EARL 091992 ",9,55,990,27,72,"0",NA,"TS-2","No"
1992,"FRA",NA,NA,NA,NA,"            FRANCES 101992 ",10,75,976,38,43,"1",NA,"TS-2","No"
1992,"UNN",NA,NA,NA,NA,"            UNNAMED 081992 ",9,30,1008,17,43,"0",NA,"TS-2","No"
1992,"UNN",NA,NA,NA,NA,"            UNNAMED 031992 ",7,30,1015,29,61,"0",NA,"TS-2","No"
1992,"UNN",NA,NA,NA,NA,"            UNNAMED 021992 ",6,30,1007,26,84,"0",NA,"TS-2","No"
1992,"UNN",NA,NA,NA,NA,"            UNNAMED 011992 ",4,45,1002,24,61,"0",NA,"TS-2","No"
1993,"ARL","Jun","Arlene","0",6e+07,"             ARLENE 021993 ",6,35,1000,24,95,"0","TS-2","TS-2","Yes"
1993,"BRE",NA,NA,NA,NA,"               BRET 031993 ",8,50,1002,10,65,"0",NA,"TS-2","No"
1993,"CIN",NA,NA,NA,NA,"              CINDY 041993 ",8,40,1007,15,65,"0",NA,"TS-2","No"
1993,"DEN",NA,NA,NA,NA,"             DENNIS 061993 ",8,45,1000,18,38,"0",NA,"TS-2","No"
1993,"EMI","Aug","Emily","3",1.3e+08,"              EMILY 051993 ",8,100,960,31,62,"3","3-5","3-5","Yes"
1993,"FLO",NA,NA,NA,NA,"              FLOYD 071993 ",9,70,966,40,42,"1",NA,"TS-2","No"
1993,"GER",NA,NA,NA,NA,"               GERT 081993 ",9,85,970,16,89,"2",NA,"TS-2","No"
1993,"HAR",NA,NA,NA,NA,"             HARVEY 091993 ",9,65,990,33,55,"1",NA,"TS-2","No"
1993,"UNN",NA,NA,NA,NA,"            UNNAMED 011993 ",5,35,999,25,74,"0",NA,"TS-2","No"
1993,"UNN",NA,NA,NA,NA,"            UNNAMED 101993 ",9,30,1008,33,63,"0",NA,"TS-2","No"
1994,"ALB","Jul","Alberto","0",1.71e+09,"            ALBERTO 011994 ",6,55,993,28,85,"0","TS-2","TS-2","Yes"
1994,"BER","Aug","Beryl","0",2.5e+08,"              BERYL 031994 ",8,50,999,33,82,"0","TS-2","TS-2","Yes"
1994,"CHR",NA,NA,NA,NA,"              CHRIS 041994 ",8,70,979,23,53,"1",NA,"TS-2","No"
1994,"DEB",NA,NA,NA,NA,"              DEBBY 061994 ",9,60,1006,13,61,"0",NA,"TS-2","No"
1994,"ERN",NA,NA,NA,NA,"            ERNESTO 071994 ",9,50,997,14,30,"0",NA,"TS-2","No"
1994,"FLO",NA,NA,NA,NA,"           FLORENCE 111994 ",11,95,972,29,51,"2",NA,"TS-2","No"
1994,"GOR","Nov","Gordon","0",2.06e+09,"             GORDON 121994 ",11,75,980,22,78,"1","TS-2","TS-2","Yes"
1994,"UNN",NA,NA,NA,NA,"            UNNAMED 051994 ",8,30,1005,20,95,"0",NA,"TS-2","No"
1994,"UNN",NA,NA,NA,NA,"            UNNAMED 091994 ",9,30,1007,14,20,"0",NA,"TS-2","No"
1994,"UNN",NA,NA,NA,NA,"            UNNAMED 101994 ",9,30,1004,22,85,"0",NA,"TS-2","No"
1994,"UNN",NA,NA,NA,NA,"            UNNAMED 081994 ",9,30,1004,16,86,"0",NA,"TS-2","No"
1994,"UNN",NA,NA,NA,NA,"            UNNAMED 021994 ",7,30,1015,33,79,"0",NA,"TS-2","No"
1995,"ALL","Jun","Allison","0",7e+06,"            ALLISON 011995 ",6,65,982,37,72,"1","TS-2","TS-2","Yes"
1995,"BAR",NA,NA,NA,NA,"              BARRY 021995 ",7,60,989,36,67,"0",NA,"TS-2","No"
1995,"CHA",NA,NA,NA,NA,"            CHANTAL 031995 ",7,60,991,30,59,"0",NA,"TS-2","No"
1995,"DEA","Jul","Dean","0",2e+06,"               DEAN 041995 ",7,40,999,29,93,"0","TS-2","TS-2","Yes"
1995,"ERI","Aug","Erin","1",1.19e+09,"               ERIN 051995 ",7,85,973,29,82,"2","TS-2","TS-2","Yes"
1995,"ERI","Aug","Erin","2",1.05e+09,"               ERIN 051995 ",7,85,973,29,82,"2","3-5","TS-2","Yes"
1995,"FEL",NA,NA,NA,NA,"              FELIX 071995 ",8,120,929,32,54,"4",NA,"3-5","No"
1995,"GAB",NA,NA,NA,NA,"          GABRIELLE 081995 ",8,60,988,23,96,"0",NA,"TS-2","No"
1995,"HUM",NA,NA,NA,NA,"           HUMBERTO 091995 ",8,95,968,23,43,"2",NA,"TS-2","No"
1995,"IRI",NA,NA,NA,NA,"               IRIS 101995 ",8,95,957,26,50,"2",NA,"TS-2","No"
1995,"JER","Aug","Jerry","0",1.5e+08,"              JERRY 111995 ",8,35,1002,29,81,"0","TS-2","TS-2","Yes"
1995,"KAR",NA,NA,NA,NA,"              KAREN 121995 ",8,45,1000,20,47,"0",NA,"TS-2","No"
1995,"LUI",NA,NA,NA,NA,"               LUIS 131995 ",8,130,935,23,52,"4",NA,"3-5","No"
1995,"MAR",NA,NA,NA,NA,"            MARILYN 151995 ",9,100,949,28,57,"3",NA,"3-5","No"
1995,"NOE",NA,NA,NA,NA,"               NOEL 161995 ",9,65,987,22,39,"1",NA,"TS-2","No"
1995,"OPA","Oct","Opal","3",1.651e+10,"               OPAL 171995 ",9,130,916,24,87,"4","3-5","3-5","Yes"
1995,"PAB",NA,NA,NA,NA,"              PABLO 181995 ",10,50,994,11,44,"0",NA,"TS-2","No"
1995,"ROX",NA,NA,NA,NA,"            ROXANNE 191995 ",10,100,956,19,90,"3",NA,"3-5","No"
1995,"SEB",NA,NA,NA,NA,"          SEBASTIEN 201995 ",10,55,1001,18,58,"0",NA,"TS-2","No"
1995,"TAN",NA,NA,NA,NA,"              TANYA 211995 ",10,75,970,33,46,"1",NA,"TS-2","No"
1995,"UNN",NA,NA,NA,NA,"            UNNAMED 141995 ",9,30,1008,22,51,"0",NA,"TS-2","No"
1995,"UNN",NA,NA,NA,NA,"            UNNAMED 061995 ",8,30,1002,20,96,"0",NA,"TS-2","No"
1996,"ART",NA,NA,NA,NA,"             ARTHUR 011996 ",6,45,992,34,66,"0",NA,"TS-2","No"
1996,"BER","Jul","Bertha","2",1.02e+09,"             BERTHA 021996 ",7,100,960,30,60,"3","3-5","3-5","Yes"
1996,"CES",NA,NA,NA,NA,"              CESAR 031996 ",7,75,985,11,75,"1",NA,"TS-2","No"
1996,"DOL",NA,NA,NA,NA,"              DOLLY 041996 ",8,70,989,19,92,"1",NA,"TS-2","No"
1996,"EDO",NA,NA,NA,NA,"            EDOUARD 051996 ",8,125,933,25,51,"4",NA,"3-5","No"
1996,"FRA","Sep","Fran","3",1.893e+10,"               FRAN 061996 ",8,105,946,24,59,"3","3-5","3-5","Yes"
1996,"GUS",NA,NA,NA,NA,"             GUSTAV 071996 ",8,40,1005,14,35,"0",NA,"TS-2","No"
1996,"HOR",NA,NA,NA,NA,"           HORTENSE 081996 ",9,120,935,22,60,"4",NA,"3-5","No"
1996,"ISI",NA,NA,NA,NA,"            ISIDORE 091996 ",9,100,960,19,37,"3",NA,"3-5","No"
1996,"JOS","Oct","Josephine","0",6.1e+08,"          JOSEPHINE 101996 ",10,60,970,42,55,"0","TS-2","TS-2","Yes"
1996,"KYL",NA,NA,NA,NA,"               KYLE 111996 ",10,45,1001,16,87,"0",NA,"TS-2","No"
1996,"LIL",NA,NA,NA,NA,"               LILI 121996 ",10,100,960,30,57,"3",NA,"3-5","No"
1996,"MAR",NA,NA,NA,NA,"              MARCO 131996 ",11,65,983,14,78,"1",NA,"TS-2","No"
1997,"ANA",NA,NA,NA,NA,"                ANA 021997 ",6,40,1000,33,69,"0",NA,"TS-2","No"
1997,"BIL",NA,NA,NA,NA,"               BILL 031997 ",7,65,986,36,61,"1",NA,"TS-2","No"
1997,"CLA",NA,NA,NA,NA,"          CLAUDETTE 041997 ",7,40,1003,33,68,"0",NA,"TS-2","No"
1997,"DAN","Jul","Danny","1",2.7e+08,"              DANNY 051997 ",7,70,984,33,81,"1","TS-2","TS-2","Yes"
1997,"ERI",NA,NA,NA,NA,"              ERIKA 071997 ",9,110,946,31,43,"3",NA,"3-5","No"
1997,"FAB",NA,NA,NA,NA,"             FABIAN 081997 ",10,40,1004,27,58,"0",NA,"TS-2","No"
1997,"GRA",NA,NA,NA,NA,"              GRACE 091997 ",10,40,999,21,61,"0",NA,"TS-2","No"
1997,"UNN",NA,NA,NA,NA,"            UNNAMED 011997 ",5,45,1003,34,72,"0",NA,"TS-2","No"
1997,"UNN",NA,NA,NA,NA,"            UNNAMED 061997 ",7,30,1008,13,55,"0",NA,"TS-2","No"
1998,"ALE",NA,NA,NA,NA,"               ALEX 011998 ",7,45,1002,14,44,"0",NA,"TS-2","No"
1998,"BON","Aug","Bonnie","2",2.41e+09,"             BONNIE 021998 ",8,100,954,29,66,"3","3-5","3-5","Yes"
1998,"CHA","Aug","Charley","0",1.2e+08,"            CHARLEY 031998 ",8,60,1000,27,96,"0","TS-2","TS-2","Yes"
1998,"DAN",NA,NA,NA,NA,"           DANIELLE 041998 ",8,90,960,32,49,"2",NA,"TS-2","No"
1998,"EAR","Sep","Earl","1",2.2e+08,"               EARL 051998 ",8,85,964,37,69,"2","TS-2","TS-2","Yes"
1998,"FRA","Sep","Frances","0",1.09e+09,"            FRANCES 061998 ",9,55,990,27,95,"0","TS-2","TS-2","Yes"
1998,"GEO","Sep","Georges","2",4.86e+09,"            GEORGES 071998 ",9,135,937,20,66,"4","3-5","3-5","Yes"
1998,"HER",NA,NA,NA,NA,"            HERMINE 081998 ",9,40,999,27,90,"0",NA,"TS-2","No"
1998,"IVA",NA,NA,NA,NA,"               IVAN 091998 ",9,80,975,26,33,"1",NA,"TS-2","No"
1998,"JEA",NA,NA,NA,NA,"             JEANNE 101998 ",9,90,969,26,28,"2",NA,"TS-2","No"
1998,"KAR",NA,NA,NA,NA,"               KARL 111998 ",9,90,970,36,42,"2",NA,"TS-2","No"
1998,"LIS",NA,NA,NA,NA,"               LISA 121998 ",10,65,995,24,43,"1",NA,"TS-2","No"
1998,"MIT","Nov","Mitch","0",1.5e+08,"              MITCH 131998 ",10,155,905,22,75,"5","TS-2","3-5","Yes"
1998,"NIC",NA,NA,NA,NA,"             NICOLE 141998 ",11,75,979,30,37,"1",NA,"TS-2","No"
1999,"ARL",NA,NA,NA,NA,"             ARLENE 011999 ",6,50,1006,29,59,"0",NA,"TS-2","No"
1999,"BRE","Aug","Bret","3",1.2e+08,"               BRET 031999 ",8,125,944,23,96,"4","3-5","3-5","Yes"
1999,"CIN",NA,NA,NA,NA,"              CINDY 041999 ",8,120,942,21,42,"4",NA,"3-5","No"
1999,"DEN","Sep","Dennis","0",3.9e+08,"             DENNIS 051999 ",8,90,962,31,74,"2","TS-2","TS-2","Yes"
1999,"EMI",NA,NA,NA,NA,"              EMILY 061999 ",8,45,1004,15,55,"0",NA,"TS-2","No"
1999,"FLO","Sep","Floyd","2",1.603e+10,"              FLOYD 081999 ",9,135,921,27,64,"4","3-5","3-5","Yes"
1999,"GER",NA,NA,NA,NA,"               GERT 091999 ",9,130,930,22,50,"4",NA,"3-5","No"
1999,"HAR","Sep","Harvey","0",3.7e+07,"             HARVEY 101999 ",9,50,994,25,84,"0","TS-2","TS-2","Yes"
1999,"IRE","Oct","Irene","1",1.94e+09,"              IRENE 131999 ",10,95,958,27,76,"2","TS-2","TS-2","Yes"
1999,"JOS",NA,NA,NA,NA,"               JOSE 141999 ",10,85,979,19,59,"2",NA,"TS-2","No"
1999,"KAT",NA,NA,NA,NA,"            KATRINA 151999 ",10,35,999,15,84,"0",NA,"TS-2","No"
1999,"LEN",NA,NA,NA,NA,"              LENNY 161999 ",11,135,933,16,65,"4",NA,"3-5","No"
1999,"UNN",NA,NA,NA,NA,"            UNNAMED 111999 ",10,30,1002,19,94,"0",NA,"TS-2","No"
1999,"UNN",NA,NA,NA,NA,"            UNNAMED 071999 ",9,30,1006,23,97,"0",NA,"TS-2","No"
1999,"UNN",NA,NA,NA,NA,"            UNNAMED 021999 ",7,30,1004,20,96,"0",NA,"TS-2","No"
1999,"UNN",NA,NA,NA,NA,"            UNNAMED 121999 ",10,30,1007,15,46,"0",NA,"TS-2","No"
2000,"ALB",NA,NA,NA,NA,"            ALBERTO 032000 ",8,110,950,32,41,"3",NA,"3-5","No"
2000,"BER",NA,NA,NA,NA,"              BERYL 052000 ",8,45,1007,23,95,"0",NA,"TS-2","No"
2000,"CHR",NA,NA,NA,NA,"              CHRIS 062000 ",8,35,1008,15,55,"0",NA,"TS-2","No"
2000,"DEB",NA,NA,NA,NA,"              DEBBY 072000 ",8,75,991,16,60,"1",NA,"TS-2","No"
2000,"ERN",NA,NA,NA,NA,"            ERNESTO 082000 ",9,35,1008,16,51,"0",NA,"TS-2","No"
2000,"FLO",NA,NA,NA,NA,"           FLORENCE 102000 ",9,70,985,31,68,"1",NA,"TS-2","No"
2000,"GOR","Sep","Gordon","0",2.9e+07,"             GORDON 112000 ",9,70,981,29,80,"1","TS-2","TS-2","Yes"
2000,"HEL","Sep","Helene","0",3.8e+07,"             HELENE 122000 ",9,60,986,25,72,"0","TS-2","TS-2","Yes"
2000,"ISA",NA,NA,NA,NA,"              ISAAC 132000 ",9,120,943,27,37,"4",NA,"3-5","No"
2000,"JOY",NA,NA,NA,NA,"              JOYCE 142000 ",9,80,975,10,45,"1",NA,"TS-2","No"
2000,"KEI",NA,NA,NA,NA,"              KEITH 152000 ",9,120,939,18,89,"4",NA,"3-5","No"
2000,"LES",NA,NA,NA,NA,"             LESLIE 162000 ",10,60,973,40,58,"0",NA,"TS-2","No"
2000,"MIC",NA,NA,NA,NA,"            MICHAEL 172000 ",10,85,965,35,66,"2",NA,"TS-2","No"
2000,"NAD",NA,NA,NA,NA,"             NADINE 182000 ",10,50,999,31,54,"0",NA,"TS-2","No"
2000,"UNN",NA,NA,NA,NA,"            UNNAMED 012000 ",6,25,1008,20,92,"0",NA,"TS-2","No"
2000,"UNN",NA,NA,NA,NA,"            UNNAMED 042000 ",8,30,1009,28,76,"0",NA,"TS-2","No"
2000,"UNN",NA,NA,NA,NA,"            UNNAMED 022000 ",6,30,1008,9,28,"0",NA,"TS-2","No"
2000,"UNN",NA,NA,NA,NA,"            UNNAMED 192000 ",10,55,976,31,68,"0",NA,"TS-2","No"
2000,"UNN",NA,NA,NA,NA,"            UNNAMED 092000 ",9,30,1008,28,93,"0",NA,"TS-2","No"
2001,"ALL","Jun","Allison","0",2.17e+10,"            ALLISON 012001 ",6,50,1000,32,84,"0","TS-2","TS-2","Yes"
2001,"BAR","Aug","Barry","0",6.7e+07,"              BARRY 032001 ",8,60,990,29,86,"0","TS-2","TS-2","Yes"
2001,"CHA",NA,NA,NA,NA,"            CHANTAL 042001 ",8,60,997,14,70,"0",NA,"TS-2","No"
2001,"DEA",NA,NA,NA,NA,"               DEAN 052001 ",8,60,994,33,62,"0",NA,"TS-2","No"
2001,"ERI",NA,NA,NA,NA,"               ERIN 062001 ",9,105,968,31,54,"3",NA,"3-5","No"
2001,"FEL",NA,NA,NA,NA,"              FELIX 072001 ",9,100,962,24,39,"3",NA,"3-5","No"
2001,"GAB","Sep","Gabrielle","0",5.7e+08,"          GABRIELLE 082001 ",9,70,975,35,67,"1","TS-2","TS-2","Yes"
2001,"HUM",NA,NA,NA,NA,"           HUMBERTO 102001 ",9,90,970,34,61,"2",NA,"TS-2","No"
2001,"IRI",NA,NA,NA,NA,"               IRIS 112001 ",10,125,948,15,74,"4",NA,"3-5","No"
2001,"JER",NA,NA,NA,NA,"              JERRY 122001 ",10,45,1004,11,57,"0",NA,"TS-2","No"
2001,"KAR",NA,NA,NA,NA,"              KAREN 132001 ",10,70,982,35,64,"1",NA,"TS-2","No"
2001,"LOR",NA,NA,NA,NA,"            LORENZO 142001 ",10,35,1007,28,41,"0",NA,"TS-2","No"
2001,"MIC",NA,NA,NA,NA,"           MICHELLE 152001 ",10,120,933,18,81,"4",NA,"3-5","No"
2001,"NOE",NA,NA,NA,NA,"               NOEL 162001 ",11,65,986,37,49,"1",NA,"TS-2","No"
2001,"OLG",NA,NA,NA,NA,"               OLGA 172001 ",11,80,973,28,59,"1",NA,"TS-2","No"
2001,"UNN",NA,NA,NA,NA,"            UNNAMED 022001 ",7,25,1010,11,44,"0",NA,"TS-2","No"
2001,"UNN",NA,NA,NA,NA,"            UNNAMED 092001 ",9,30,1005,13,82,"0",NA,"TS-2","No"
2002,"ART",NA,NA,NA,NA,"             ARTHUR 012002 ",7,50,992,45,58,"0",NA,"TS-2","No"
2002,"BER",NA,NA,NA,NA,"             BERTHA 022002 ",8,35,1007,28,92,"0",NA,"TS-2","No"
2002,"CRI",NA,NA,NA,NA,"          CRISTOBAL 032002 ",8,45,999,29,75,"0",NA,"TS-2","No"
2002,"DOL",NA,NA,NA,NA,"              DOLLY 042002 ",8,50,997,15,45,"0",NA,"TS-2","No"
2002,"EDO",NA,NA,NA,NA,"            EDOUARD 052002 ",9,55,1002,29,80,"0",NA,"TS-2","No"
2002,"FAY","Sep","Fay","0",8e+06,"                FAY 062002 ",9,50,998,27,97,"0","TS-2","TS-2","Yes"
2002,"GUS","Sep","Gustav","0",0,"             GUSTAV 082002 ",9,85,960,43,63,"2","TS-2","TS-2","Yes"
2002,"HAN","Sep","Hanna","0",3.8e+07,"              HANNA 092002 ",9,50,1001,28,87,"0","TS-2","TS-2","Yes"
2002,"ISI","Sep","Isidore","0",6.3e+08,"            ISIDORE 102002 ",9,110,934,20,81,"3","TS-2","3-5","Yes"
2002,"JOS",NA,NA,NA,NA,"          JOSEPHINE 112002 ",9,50,1004,35,49,"0",NA,"TS-2","No"
2002,"KYL","Oct","Kyle","0",1.1e+07,"               KYLE 122002 ",9,75,980,29,64,"1","TS-2","TS-2","Yes"
2002,"LIL","Oct","Lili","1",1.61e+09,"               LILI 132002 ",9,125,938,18,74,"4","TS-2","3-5","Yes"
2002,"UNN",NA,NA,NA,NA,"            UNNAMED 142002 ",10,30,1002,18,81,"0",NA,"TS-2","No"
2002,"UNN",NA,NA,NA,NA,"            UNNAMED 072002 ",9,30,1013,24,49,"0",NA,"TS-2","No"
2003,"ANA",NA,NA,NA,NA,"                ANA 012003 ",4,50,994,31,53,"0",NA,"TS-2","No"
2003,"BIL","Jun","Bill","0",9.5e+07,"               BILL 032003 ",6,50,997,28,88,"0","TS-2","TS-2","Yes"
2003,"CLA","Jul","Claudette","1",3.3e+08,"          CLAUDETTE 042003 ",7,80,979,21,85,"1","TS-2","TS-2","Yes"
2003,"DAN",NA,NA,NA,NA,"              DANNY 052003 ",7,65,1000,36,43,"1",NA,"TS-2","No"
2003,"ERI",NA,NA,NA,NA,"              ERIKA 082003 ",8,65,986,25,92,"1",NA,"TS-2","No"
2003,"FAB",NA,NA,NA,NA,"             FABIAN 102003 ",8,125,939,26,50,"4",NA,"3-5","No"
2003,"GRA",NA,NA,NA,NA,"              GRACE 112003 ",8,35,1007,29,94,"0",NA,"TS-2","No"
2003,"HEN",NA,NA,NA,NA,"              HENRI 122003 ",9,50,997,28,81,"0",NA,"TS-2","No"
2003,"ISA","Sep","Isabel","2",1.101e+10,"             ISABEL 132003 ",9,145,915,23,58,"5","3-5","3-5","Yes"
2003,"JUA",NA,NA,NA,NA,"               JUAN 152003 ",9,90,969,34,62,"2",NA,"TS-2","No"
2003,"KAT",NA,NA,NA,NA,"               KATE 162003 ",9,110,952,33,42,"3",NA,"3-5","No"
2003,"LAR",NA,NA,NA,NA,"              LARRY 172003 ",9,55,993,18,91,"0",NA,"TS-2","No"
2003,"MIN",NA,NA,NA,NA,"              MINDY 182003 ",10,40,1002,23,70,"0",NA,"TS-2","No"
2003,"NIC",NA,NA,NA,NA,"           NICHOLAS 192003 ",10,60,990,21,52,"0",NA,"TS-2","No"
2003,"ODE",NA,NA,NA,NA,"             ODETTE 202003 ",12,55,993,19,67,"0",NA,"TS-2","No"
2003,"PET",NA,NA,NA,NA,"              PETER 212003 ",12,60,990,23,36,"0",NA,"TS-2","No"
2003,"UNN",NA,NA,NA,NA,"            UNNAMED 072003 ",7,30,1016,31,81,"0",NA,"TS-2","No"
2003,"UNN",NA,NA,NA,NA,"            UNNAMED 022003 ",6,30,1008,9,42,"0",NA,"TS-2","No"
2003,"UNN",NA,NA,NA,NA,"            UNNAMED 142003 ",9,30,1007,12,23,"0",NA,"TS-2","No"
2003,"UNN",NA,NA,NA,NA,"            UNNAMED 062003 ",7,30,1010,12,49,"0",NA,"TS-2","No"
2003,"UNN",NA,NA,NA,NA,"            UNNAMED 092003 ",8,30,1007,15,66,"0",NA,"TS-2","No"
2004,"ALE","Aug","Alex","1",7e+06,"               ALEX 012004 ",7,105,957,36,68,"3","TS-2","3-5","Yes"
2004,"BON",NA,NA,NA,NA,"             BONNIE 022004 ",8,55,1001,21,78,"0",NA,"TS-2","No"
2004,"CHA","Aug","Charley","1",1.9e+08,"            CHARLEY 032004 ",8,130,941,22,75,"4","TS-2","3-5","Yes"
2004,"CHA","Aug","Charley","4",3.699e+10,"            CHARLEY 032004 ",8,130,941,22,75,"4","3-5","3-5","Yes"
2004,"DAN",NA,NA,NA,NA,"           DANIELLE 042004 ",8,95,964,24,36,"2",NA,"TS-2","No"
2004,"EAR",NA,NA,NA,NA,"               EARL 052004 ",8,45,1009,10,53,"0",NA,"TS-2","No"
2004,"FRA","Sep","Frances","2",1.999e+10,"            FRANCES 062004 ",8,125,935,24,66,"4","3-5","3-5","Yes"
2004,"GAS","Aug","Gaston","1",2.4e+08,"             GASTON 072004 ",8,65,985,37,68,"1","TS-2","TS-2","Yes"
2004,"HER",NA,NA,NA,NA,"            HERMINE 082004 ",8,50,1002,32,68,"0",NA,"TS-2","No"
2004,"IVA","Sep","Ivan","3",3.691e+10,"               IVAN 092004 ",9,145,910,20,72,"5","3-5","3-5","Yes"
2004,"JEA","Sep","Jeanne","3",1.68e+10,"             JEANNE 112004 ",9,105,950,24,71,"3","3-5","3-5","Yes"
2004,"KAR",NA,NA,NA,NA,"               KARL 122004 ",9,125,938,31,35,"4",NA,"3-5","No"
2004,"LIS",NA,NA,NA,NA,"               LISA 132004 ",9,65,987,22,42,"1",NA,"TS-2","No"
2004,"MAT",NA,NA,NA,NA,"            MATTHEW 142004 ",10,40,997,27,91,"0",NA,"TS-2","No"
2004,"NIC",NA,NA,NA,NA,"             NICOLE 152004 ",10,45,986,33,64,"0",NA,"TS-2","No"
2004,"OTT",NA,NA,NA,NA,"               OTTO 162004 ",11,45,995,27,47,"0",NA,"TS-2","No"
2004,"UNN",NA,NA,NA,NA,"            UNNAMED 102004 ",9,30,1009,33,34,"0",NA,"TS-2","No"
2005,"ALP",NA,NA,NA,NA,"              ALPHA 262005 ",10,45,998,19,70,"0",NA,"TS-2","No"
2005,"ARL",NA,NA,NA,NA,"             ARLENE 012005 ",6,60,989,28,84,"0",NA,"TS-2","No"
2005,"BET",NA,NA,NA,NA,"               BETA 272005 ",10,100,962,11,81,"3",NA,"3-5","No"
2005,"BRE",NA,NA,NA,NA,"               BRET 022005 ",6,35,1002,20,96,"0",NA,"TS-2","No"
2005,"CIN","Jul","Cindy","1",4.2e+08,"              CINDY 032005 ",7,65,991,32,80,"1","TS-2","TS-2","Yes"
2005,"DEL",NA,NA,NA,NA,"              DELTA 292005 ",11,60,980,26,35,"0",NA,"TS-2","No"
2005,"DEN","Jul","Dennis","3",3.93e+09,"             DENNIS 042005 ",7,130,930,28,80,"4","3-5","3-5","Yes"
2005,"EMI",NA,NA,NA,NA,"              EMILY 052005 ",7,140,929,16,73,"5",NA,"3-5","No"
2005,"EPS",NA,NA,NA,NA,"            EPSILON 302005 ",11,75,981,30,42,"1",NA,"TS-2","No"
2005,"FRA",NA,NA,NA,NA,"           FRANKLIN 062005 ",7,60,997,33,67,"0",NA,"TS-2","No"
2005,"GAM",NA,NA,NA,NA,"              GAMMA 282005 ",11,45,1002,14,77,"0",NA,"TS-2","No"
2005,"GER",NA,NA,NA,NA,"               GERT 072005 ",7,40,1005,20,96,"0",NA,"TS-2","No"
2005,"HAR",NA,NA,NA,NA,"             HARVEY 082005 ",8,55,994,37,47,"0",NA,"TS-2","No"
2005,"IRE",NA,NA,NA,NA,"              IRENE 092005 ",8,90,970,26,55,"2",NA,"TS-2","No"
2005,"JOS",NA,NA,NA,NA,"               JOSE 112005 ",8,50,998,19,95,"0",NA,"TS-2","No"
2005,"KAT","Aug","Katrina","3",1.4824e+11,"            KATRINA 122005 ",8,150,902,27,83,"5","3-5","3-5","Yes"
2005,"LEE",NA,NA,NA,NA,"                LEE 132005 ",8,35,1006,26,51,"0",NA,"TS-2","No"
2005,"MAR",NA,NA,NA,NA,"              MARIA 142005 ",9,100,962,38,43,"3",NA,"3-5","No"
2005,"NAT",NA,NA,NA,NA,"               NATE 152005 ",9,80,979,33,53,"1",NA,"TS-2","No"
2005,"NIN",NA,NA,NA,NA,"           NINETEEN 192005 ",9,30,1006,13,33,"0",NA,"TS-2","No"
2005,"OPH","Sep","Ophelia","1",1.3e+08,"            OPHELIA 162005 ",9,75,976,38,62,"1","TS-2","TS-2","Yes"
2005,"PHI",NA,NA,NA,NA,"           PHILIPPE 172005 ",9,70,985,20,57,"1",NA,"TS-2","No"
2005,"RIT","Sep","Rita","3",2.311e+10,"               RITA 182005 ",9,155,895,26,84,"5","3-5","3-5","Yes"
2005,"STA",NA,NA,NA,NA,"               STAN 202005 ",10,70,977,18,90,"1",NA,"TS-2","No"
2005,"TAM",NA,NA,NA,NA,"              TAMMY 222005 ",10,45,1001,29,81,"0",NA,"TS-2","No"
2005,"TEN",NA,NA,NA,NA,"                TEN 102005 ",8,30,1008,14,50,"0",NA,"TS-2","No"
2005,"TWE",NA,NA,NA,NA,"         TWENTY-TWO 232005 ",10,40,1005,34,68,"0",NA,"TS-2","No"
2005,"UNN",NA,NA,NA,NA,"            UNNAMED 212005 ",10,45,997,37,26,"0",NA,"TS-2","No"
2005,"VIN",NA,NA,NA,NA,"              VINCE 242005 ",10,65,988,34,15,"1",NA,"TS-2","No"
2005,"WIL","Oct","Wilma","3",3.341e+10,"              WILMA 252005 ",10,160,882,22,79,"5","3-5","3-5","Yes"
2005,"ZET",NA,NA,NA,NA,"               ZETA 312005 ",1,55,994,23,42,"0",NA,"TS-2","No"
2006,"ALB",NA,NA,NA,NA,"            ALBERTO 012006 ",6,60,969,37,63,"0",NA,"TS-2","No"
2006,"BER",NA,NA,NA,NA,"              BERYL 032006 ",7,50,1000,38,69,"0",NA,"TS-2","No"
2006,"CHR",NA,NA,NA,NA,"              CHRIS 042006 ",8,55,1001,19,68,"0",NA,"TS-2","No"
2006,"DEB",NA,NA,NA,NA,"              DEBBY 052006 ",8,45,999,20,37,"0",NA,"TS-2","No"
2006,"ERN","Aug","Ernesto","0",7.4e+08,"            ERNESTO 062006 ",8,65,985,26,75,"1","TS-2","TS-2","Yes"
2006,"FLO",NA,NA,NA,NA,"           FLORENCE 072006 ",9,80,963,35,46,"1",NA,"TS-2","No"
2006,"GOR",NA,NA,NA,NA,"             GORDON 082006 ",9,105,955,35,39,"3",NA,"3-5","No"
2006,"HEL",NA,NA,NA,NA,"             HELENE 092006 ",9,105,955,27,40,"3",NA,"3-5","No"
2006,"ISA",NA,NA,NA,NA,"              ISAAC 102006 ",9,75,985,33,55,"1",NA,"TS-2","No"
2006,"UNN",NA,NA,NA,NA,"            UNNAMED 022006 ",7,45,998,42,59,"0",NA,"TS-2","No"
2007,"AND",NA,NA,NA,NA,"             ANDREA 012007 ",5,65,998,30,76,"1",NA,"TS-2","No"
2007,"BAR",NA,NA,NA,NA,"              BARRY 022007 ",5,50,990,29,80,"0",NA,"TS-2","No"
2007,"CHA",NA,NA,NA,NA,"            CHANTAL 032007 ",7,60,964,52,36,"0",NA,"TS-2","No"
2007,"DEA",NA,NA,NA,NA,"               DEAN 042007 ",8,150,905,15,65,"5",NA,"3-5","No"
2007,"ERI",NA,NA,NA,NA,"               ERIN 052007 ",8,50,995,29,97,"0",NA,"TS-2","No"
2007,"FEL",NA,NA,NA,NA,"              FELIX 062007 ",8,150,929,13,75,"5",NA,"3-5","No"
2007,"FIF",NA,NA,NA,NA,"            FIFTEEN 152007 ",10,45,996,35,42,"0",NA,"TS-2","No"
2007,"GAB",NA,NA,NA,NA,"          GABRIELLE 072007 ",9,50,1004,34,73,"0",NA,"TS-2","No"
2007,"HUM","Sep","Humberto","1",6.3e+07,"           HUMBERTO 092007 ",9,80,985,29,93,"1","TS-2","TS-2","Yes"
2007,"ING",NA,NA,NA,NA,"             INGRID 082007 ",9,40,1002,15,52,"0",NA,"TS-2","No"
2007,"JER",NA,NA,NA,NA,"              JERRY 112007 ",9,35,1003,37,45,"0",NA,"TS-2","No"
2007,"KAR",NA,NA,NA,NA,"              KAREN 122007 ",9,65,988,12,44,"1",NA,"TS-2","No"
2007,"LOR",NA,NA,NA,NA,"            LORENZO 132007 ",9,70,990,20,95,"1",NA,"TS-2","No"
2007,"MEL",NA,NA,NA,NA,"            MELISSA 142007 ",9,35,1005,18,39,"0",NA,"TS-2","No"
2007,"NOE",NA,NA,NA,NA,"               NOEL 162007 ",10,75,965,26,69,"1",NA,"TS-2","No"
2007,"OLG",NA,NA,NA,NA,"               OLGA 172007 ",12,50,1003,19,76,"0",NA,"TS-2","No"
2007,"TEN",NA,NA,NA,NA,"                TEN 102007 ",9,30,1005,29,86,"0",NA,"TS-2","No"
2008,"ART",NA,NA,NA,NA,"             ARTHUR 012008 ",5,40,1004,17,88,"0",NA,"TS-2","No"
2008,"BER",NA,NA,NA,NA,"             BERTHA 022008 ",7,110,952,28,50,"3",NA,"3-5","No"
2008,"CRI",NA,NA,NA,NA,"          CRISTOBAL 032008 ",7,55,998,35,72,"0",NA,"TS-2","No"
2008,"DOL","Jul","Dolly","1",1.94e+09,"              DOLLY 042008 ",7,85,963,25,96,"2","TS-2","TS-2","Yes"
2008,"EDO",NA,NA,NA,NA,"            EDOUARD 052008 ",8,55,996,29,92,"0",NA,"TS-2","No"
2008,"FAY","Aug","Fay","0",8.3e+08,"                FAY 062008 ",8,60,986,27,81,"0","TS-2","TS-2","Yes"
2008,"GUS","Sep","Gustav","2",7.9e+09,"             GUSTAV 072008 ",8,135,941,24,82,"4","3-5","3-5","Yes"
2008,"HAN","Sep","Hanna","0",2.7e+08,"              HANNA 082008 ",8,75,977,26,68,"1","TS-2","TS-2","Yes"
2008,"IKE","Sep","Ike","2",4.426e+10,"                IKE 092008 ",9,125,935,24,72,"4","3-5","3-5","Yes"
2008,"JOS",NA,NA,NA,NA,"          JOSEPHINE 102008 ",9,55,994,15,36,"0",NA,"TS-2","No"
2008,"KYL",NA,NA,NA,NA,"               KYLE 112008 ",9,75,984,34,66,"1",NA,"TS-2","No"
2008,"LAU",NA,NA,NA,NA,"              LAURA 122008 ",9,70,990,43,41,"1",NA,"TS-2","No"
2008,"MAR",NA,NA,NA,NA,"              MARCO 132008 ",10,55,998,18,94,"0",NA,"TS-2","No"
2008,"NAN",NA,NA,NA,NA,"               NANA 142008 ",10,35,1004,17,41,"0",NA,"TS-2","No"
2008,"OMA",NA,NA,NA,NA,"               OMAR 152008 ",10,115,958,24,57,"4",NA,"3-5","No"
2008,"PAL",NA,NA,NA,NA,"             PALOMA 172008 ",11,125,944,20,79,"4",NA,"3-5","No"
2008,"SIX",NA,NA,NA,NA,"            SIXTEEN 162008 ",10,25,1004,15,83,"0",NA,"TS-2","No"
2009,"ANA",NA,NA,NA,NA,"                ANA 022009 ",8,35,1003,14,37,"0",NA,"TS-2","No"
2009,"BIL",NA,NA,NA,NA,"               BILL 032009 ",8,115,943,28,49,"4",NA,"3-5","No"
2009,"CLA",NA,NA,NA,NA,"          CLAUDETTE 042009 ",8,50,1005,29,85,"0",NA,"TS-2","No"
2009,"DAN",NA,NA,NA,NA,"              DANNY 052009 ",8,50,1006,27,72,"0",NA,"TS-2","No"
2009,"EIG",NA,NA,NA,NA,"              EIGHT 082009 ",9,30,1008,16,32,"0",NA,"TS-2","No"
2009,"ERI",NA,NA,NA,NA,"              ERIKA 062009 ",9,45,1004,16,61,"0",NA,"TS-2","No"
2009,"FRE",NA,NA,NA,NA,"               FRED 072009 ",9,105,958,18,42,"3",NA,"3-5","No"
2009,"GRA",NA,NA,NA,NA,"              GRACE 092009 ",9,55,986,41,28,"0",NA,"TS-2","No"
2009,"HEN",NA,NA,NA,NA,"              HENRI 102009 ",10,45,1005,19,60,"0",NA,"TS-2","No"
2009,"IDA",NA,NA,NA,NA,"                IDA 112009 ",11,90,975,20,84,"2",NA,"TS-2","No"
2009,"ONE",NA,NA,NA,NA,"                ONE 012009 ",5,30,1006,36,69,"0",NA,"TS-2","No"
2010,"ALE","Jun","Alex","0",1.5e+07,"               ALEX 012010 ",6,95,946,19,90,"2","TS-2","TS-2","Yes"
2010,"BON",NA,NA,NA,NA,"             BONNIE 032010 ",7,40,1005,25,81,"0",NA,"TS-2","No"
2010,"COL",NA,NA,NA,NA,"              COLIN 042010 ",8,50,1005,21,59,"0",NA,"TS-2","No"
2010,"DAN",NA,NA,NA,NA,"           DANIELLE 062010 ",8,115,942,28,43,"4",NA,"3-5","No"
2010,"EAR","Sep","Earl","0",2.2e+07,"               EARL 072010 ",8,125,927,24,54,"4","TS-2","3-5","Yes"
2010,"FIO",NA,NA,NA,NA,"              FIONA 082010 ",8,55,998,21,58,"0",NA,"TS-2","No"
2010,"FIV",NA,NA,NA,NA,"               FIVE 052010 ",8,30,1007,29,86,"0",NA,"TS-2","No"
2010,"GAS",NA,NA,NA,NA,"             GASTON 092010 ",9,35,1005,15,47,"0",NA,"TS-2","No"
2010,"HER","Sep","Hermine","0",3.7e+08,"            HERMINE 102010 ",9,60,989,26,96,"0","TS-2","TS-2","Yes"
2010,"IGO",NA,NA,NA,NA,"               IGOR 112010 ",9,135,924,24,48,"4",NA,"3-5","No"
2010,"JUL",NA,NA,NA,NA,"              JULIA 122010 ",9,120,948,25,38,"4",NA,"3-5","No"
2010,"KAR",NA,NA,NA,NA,"               KARL 132010 ",9,110,956,18,89,"3",NA,"3-5","No"
2010,"LIS",NA,NA,NA,NA,"               LISA 142010 ",9,75,982,20,29,"1",NA,"TS-2","No"
2010,"MAT",NA,NA,NA,NA,"            MATTHEW 152010 ",9,50,998,15,84,"0",NA,"TS-2","No"
2010,"NIC",NA,NA,NA,NA,"             NICOLE 162010 ",9,40,994,22,81,"0",NA,"TS-2","No"
2010,"OTT",NA,NA,NA,NA,"               OTTO 172010 ",10,75,976,32,36,"1",NA,"TS-2","No"
2010,"PAU",NA,NA,NA,NA,"              PAULA 182010 ",10,90,981,19,83,"2",NA,"TS-2","No"
2010,"RIC",NA,NA,NA,NA,"            RICHARD 192010 ",10,85,977,16,84,"2",NA,"TS-2","No"
2010,"SHA",NA,NA,NA,NA,"              SHARY 202010 ",10,65,989,30,61,"1",NA,"TS-2","No"
2010,"TOM",NA,NA,NA,NA,"              TOMAS 212010 ",10,85,982,18,66,"2",NA,"TS-2","No"
2010,"TWO",NA,NA,NA,NA,"                TWO 022010 ",7,30,1005,24,96,"0",NA,"TS-2","No"
2011,"ARL",NA,NA,NA,NA,"             ARLENE 012011 ",6,55,993,20,95,"0",NA,"TS-2","No"
2011,"BRE",NA,NA,NA,NA,"               BRET 022011 ",7,60,995,31,73,"0",NA,"TS-2","No"
2011,"CIN",NA,NA,NA,NA,"              CINDY 032011 ",7,60,994,40,44,"0",NA,"TS-2","No"
2011,"DON",NA,NA,NA,NA,"                DON 042011 ",7,45,997,24,91,"0",NA,"TS-2","No"
2011,"EMI",NA,NA,NA,NA,"              EMILY 052011 ",8,45,1003,20,71,"0",NA,"TS-2","No"
2011,"FRA",NA,NA,NA,NA,"           FRANKLIN 062011 ",8,40,1004,37,50,"0",NA,"TS-2","No"
2011,"GER",NA,NA,NA,NA,"               GERT 072011 ",8,55,1000,32,58,"0",NA,"TS-2","No"
2011,"HAR",NA,NA,NA,NA,"             HARVEY 082011 ",8,55,994,16,88,"0",NA,"TS-2","No"
2011,"IRE","Aug","Irene","1",1.716e+10,"              IRENE 092011 ",8,105,942,28,70,"3","TS-2","3-5","Yes"
2011,"JOS",NA,NA,NA,NA,"               JOSE 112011 ",8,40,1006,30,63,"0",NA,"TS-2","No"
2011,"KAT",NA,NA,NA,NA,"              KATIA 122011 ",8,120,942,25,46,"4",NA,"3-5","No"
2011,"LEE",NA,NA,NA,NA,"                LEE 132011 ",9,50,986,29,90,"0",NA,"TS-2","No"
2011,"MAR",NA,NA,NA,NA,"              MARIA 142011 ",9,70,983,21,58,"1",NA,"TS-2","No"
2011,"NAT",NA,NA,NA,NA,"               NATE 152011 ",9,65,994,19,93,"1",NA,"TS-2","No"
2011,"OPH",NA,NA,NA,NA,"            OPHELIA 162011 ",9,120,940,22,54,"4",NA,"3-5","No"
2011,"PHI",NA,NA,NA,NA,"           PHILIPPE 172011 ",9,80,976,20,43,"1",NA,"TS-2","No"
2011,"RIN",NA,NA,NA,NA,"               RINA 182011 ",10,100,966,16,83,"3",NA,"3-5","No"
2011,"SEA",NA,NA,NA,NA,"               SEAN 192011 ",11,55,982,30,66,"0",NA,"TS-2","No"
2011,"TEN",NA,NA,NA,NA,"                TEN 102011 ",8,30,1006,13,31,"0",NA,"TS-2","No"
2011,"UNN",NA,NA,NA,NA,"            UNNAMED 202011 ",8,40,1002,38,61,"0",NA,"TS-2","No"
2012,"ALB",NA,NA,NA,NA,"            ALBERTO 012012 ",5,50,995,31,75,"0",NA,"TS-2","No"
2012,"BER",NA,NA,NA,NA,"              BERYL 022012 ",5,60,992,32,75,"0",NA,"TS-2","No"
2012,"CHR",NA,NA,NA,NA,"              CHRIS 032012 ",6,75,974,38,51,"1",NA,"TS-2","No"
2012,"DEB",NA,NA,NA,NA,"              DEBBY 042012 ",6,55,990,27,84,"0",NA,"TS-2","No"
2012,"ERN",NA,NA,NA,NA,"            ERNESTO 052012 ",8,85,973,15,75,"2",NA,"TS-2","No"
2012,"FLO",NA,NA,NA,NA,"           FLORENCE 062012 ",8,50,1002,15,36,"0",NA,"TS-2","No"
2012,"GOR",NA,NA,NA,NA,"             GORDON 082012 ",8,95,965,34,37,"2",NA,"TS-2","No"
2012,"HEL",NA,NA,NA,NA,"             HELENE 072012 ",8,40,1004,15,76,"0",NA,"TS-2","No"
2012,"ISA","Aug","Isaac","1",3.43e+09,"              ISAAC 092012 ",8,70,965,22,76,"1","TS-2","TS-2","Yes"
2012,"JOY",NA,NA,NA,NA,"              JOYCE 102012 ",8,35,1006,13,38,"0",NA,"TS-2","No"
2012,"KIR",NA,NA,NA,NA,"               KIRK 112012 ",8,90,970,32,45,"2",NA,"TS-2","No"
2012,"LES",NA,NA,NA,NA,"             LESLIE 122012 ",8,70,968,24,55,"1",NA,"TS-2","No"
2012,"MIC",NA,NA,NA,NA,"            MICHAEL 132012 ",9,100,964,30,42,"3",NA,"3-5","No"
2012,"NAD",NA,NA,NA,NA,"             NADINE 142012 ",9,80,978,30,36,"1",NA,"TS-2","No"
2012,"OSC",NA,NA,NA,NA,"              OSCAR 152012 ",10,45,994,18,40,"0",NA,"TS-2","No"
2012,"PAT",NA,NA,NA,NA,"              PATTY 162012 ",10,40,1005,25,71,"0",NA,"TS-2","No"
2012,"RAF",NA,NA,NA,NA,"             RAFAEL 172012 ",10,80,966,36,40,"1",NA,"TS-2","No"
2012,"SAN","Oct","Sandy","1",8.009e+10,"              SANDY 182012 ",10,100,940,25,75,"3","TS-2","3-5","Yes"
2012,"TON",NA,NA,NA,NA,"               TONY 192012 ",10,45,1000,25,44,"0",NA,"TS-2","No"
2013,"AND",NA,NA,NA,NA,"             ANDREA 012013 ",6,55,992,32,79,"0",NA,"TS-2","No"
2013,"BAR",NA,NA,NA,NA,"              BARRY 022013 ",6,40,1003,16,89,"0",NA,"TS-2","No"
2013,"CHA",NA,NA,NA,NA,"            CHANTAL 032013 ",7,55,1003,12,55,"0",NA,"TS-2","No"
2013,"DOR",NA,NA,NA,NA,"             DORIAN 042013 ",7,50,1002,19,56,"0",NA,"TS-2","No"
2013,"EIG",NA,NA,NA,NA,"              EIGHT 082013 ",9,30,1008,21,97,"0",NA,"TS-2","No"
2013,"ERI",NA,NA,NA,NA,"               ERIN 052013 ",8,40,1006,17,33,"0",NA,"TS-2","No"
2013,"FER",NA,NA,NA,NA,"            FERNAND 062013 ",8,50,1001,19,95,"0",NA,"TS-2","No"
2013,"GAB",NA,NA,NA,NA,"          GABRIELLE 072013 ",9,55,1003,25,66,"0",NA,"TS-2","No"
2013,"HUM",NA,NA,NA,NA,"           HUMBERTO 092013 ",9,80,979,21,32,"1",NA,"TS-2","No"
2013,"ING",NA,NA,NA,NA,"             INGRID 102013 ",9,75,983,20,95,"1",NA,"TS-2","No"
2013,"JER",NA,NA,NA,NA,"              JERRY 112013 ",9,45,1005,28,41,"0",NA,"TS-2","No"
2013,"KAR",NA,NA,NA,NA,"              KAREN 122013 ",10,55,998,24,89,"0",NA,"TS-2","No"
2013,"LOR",NA,NA,NA,NA,"            LORENZO 132013 ",10,45,1000,29,49,"0",NA,"TS-2","No"
2013,"MEL",NA,NA,NA,NA,"            MELISSA 142013 ",11,55,980,33,43,"0",NA,"TS-2","No"
2013,"UNN",NA,NA,NA,NA,"            UNNAMED 152013 ",12,55,995,33,27,"0",NA,"TS-2","No"
2014,"ART","Jul","Arthur","2",7e+06,"             ARTHUR 012014 ",6,85,973,39,69,"2","3-5","TS-2","Yes"
2014,"BER",NA,NA,NA,NA,"             BERTHA 032014 ",7,70,996,25,55,"1",NA,"TS-2","No"
2014,"CRI",NA,NA,NA,NA,"          CRISTOBAL 042014 ",8,75,963,40,52,"1",NA,"TS-2","No"
2014,"DOL",NA,NA,NA,NA,"              DOLLY 052014 ",9,45,1000,21,96,"0",NA,"TS-2","No"
2014,"EDO",NA,NA,NA,NA,"            EDOUARD 062014 ",9,105,955,28,43,"3",NA,"3-5","No"
2014,"FAY",NA,NA,NA,NA,"                FAY 072014 ",10,70,983,27,63,"1",NA,"TS-2","No"
2014,"GON",NA,NA,NA,NA,"            GONZALO 082014 ",10,125,940,26,60,"4",NA,"3-5","No"
2014,"HAN",NA,NA,NA,NA,"              HANNA 092014 ",10,35,1000,17,87,"0",NA,"TS-2","No"
2014,"TWO",NA,NA,NA,NA,"                TWO 022014 ",7,30,1012,11,40,"0",NA,"TS-2","No"
2015,"ANA",NA,NA,NA,NA,"                ANA 012015 ",5,50,998,32,76,"0",NA,"TS-2","No"
2015,"BIL",NA,NA,NA,NA,"               BILL 022015 ",6,50,997,33,92,"0",NA,"TS-2","No"
2015,"CLA",NA,NA,NA,NA,"          CLAUDETTE 032015 ",7,45,1003,38,66,"0",NA,"TS-2","No"
2015,"DAN",NA,NA,NA,NA,"              DANNY 042015 ",8,110,960,12,44,"3",NA,"3-5","No"
2015,"ERI",NA,NA,NA,NA,"              ERIKA 052015 ",8,45,1001,15,56,"0",NA,"TS-2","No"
2015,"FRE",NA,NA,NA,NA,"               FRED 062015 ",8,75,986,19,30,"1",NA,"TS-2","No"
2015,"GRA",NA,NA,NA,NA,"              GRACE 072015 ",9,50,1000,12,33,"0",NA,"TS-2","No"
2015,"HEN",NA,NA,NA,NA,"              HENRI 082015 ",9,45,1003,31,60,"0",NA,"TS-2","No"
2015,"IDA",NA,NA,NA,NA,"                IDA 102015 ",9,45,1001,17,41,"0",NA,"TS-2","No"
2015,"JOA",NA,NA,NA,NA,"            JOAQUIN 112015 ",9,135,931,32,47,"4",NA,"3-5","No"
2015,"KAT",NA,NA,NA,NA,"               KATE 122015 ",11,75,980,32,63,"1",NA,"TS-2","No"
2015,"NIN",NA,NA,NA,NA,"               NINE 092015 ",9,30,1006,14,44,"0",NA,"TS-2","No"
2016,"ALE",NA,NA,NA,NA,"               ALEX 012016 ",1,75,978,33,44,"1",NA,"TS-2","No"
2016,"BON",NA,NA,NA,NA,"             BONNIE 022016 ",5,40,1006,31,64,"0",NA,"TS-2","No"
2016,"COL",NA,NA,NA,NA,"              COLIN 032016 ",6,50,987,30,78,"0",NA,"TS-2","No"
2016,"DAN",NA,NA,NA,NA,"           DANIELLE 042016 ",6,40,1007,19,94,"0",NA,"TS-2","No"
2016,"EAR",NA,NA,NA,NA,"               EARL 052016 ",8,75,979,17,88,"1",NA,"TS-2","No"
2016,"EIG",NA,NA,NA,NA,"              EIGHT 082016 ",8,30,1010,32,70,"0",NA,"TS-2","No"
2016,"FIO",NA,NA,NA,NA,"              FIONA 062016 ",8,45,1004,19,48,"0",NA,"TS-2","No"
2016,"GAS",NA,NA,NA,NA,"             GASTON 072016 ",8,105,955,25,41,"3",NA,"3-5","No"
2016,"HER","Sep","Hermine","1",6.1e+08,"            HERMINE 092016 ",8,70,981,31,77,"1","TS-2","TS-2","Yes"
2016,"IAN",NA,NA,NA,NA,"                IAN 102016 ",9,55,984,32,48,"0",NA,"TS-2","No"
2016,"JUL",NA,NA,NA,NA,"              JULIA 112016 ",9,45,1007,31,77,"0",NA,"TS-2","No"
2016,"KAR",NA,NA,NA,NA,"               KARL 122016 ",9,60,980,21,43,"0",NA,"TS-2","No"
2016,"LIS",NA,NA,NA,NA,"               LISA 132016 ",9,45,999,20,34,"0",NA,"TS-2","No"
2016,"MAT","Oct","Matthew","2",1.126e+10,"            MATTHEW 142016 ",9,145,934,20,73,"5","3-5","3-5","Yes"
2016,"NIC",NA,NA,NA,NA,"             NICOLE 152016 ",10,120,950,31,57,"4",NA,"3-5","No"
2016,"OTT",NA,NA,NA,NA,"               OTTO 162016 ",11,100,975,10,82,"3",NA,"3-5","No"
2017,"ARL",NA,NA,NA,NA,"             ARLENE 012017 ",4,55,986,33,44,"0",NA,"TS-2","No"
2017,"BRE",NA,NA,NA,NA,"               BRET 022017 ",6,45,1007,8,56,"0",NA,"TS-2","No"
2017,"CIN",NA,NA,NA,NA,"              CINDY 032017 ",6,50,991,29,90,"0",NA,"TS-2","No"
2017,"DON",NA,NA,NA,NA,"                DON 052017 ",7,45,1005,10,51,"0",NA,"TS-2","No"
2017,"EMI",NA,NA,NA,NA,"              EMILY 062017 ",7,50,1001,27,81,"0",NA,"TS-2","No"
2017,"FOU",NA,NA,NA,NA,"               FOUR 042017 ",7,25,1009,12,42,"0",NA,"TS-2","No"
2017,"FRA",NA,NA,NA,NA,"           FRANKLIN 072017 ",8,75,981,18,89,"1",NA,"TS-2","No"
2017,"GER",NA,NA,NA,NA,"               GERT 082017 ",8,95,962,33,63,"2",NA,"TS-2","No"
2017,"HAR","Aug","Harvey","4",1.3269e+11,"             HARVEY 092017 ",8,115,937,22,82,"4","3-5","3-5","Yes"
2017,"IRM","Sep","Irma","4",5.297e+10,"               IRMA 112017 ",8,155,914,20,61,"5","3-5","3-5","Yes"
2017,"JOS",NA,NA,NA,NA,"               JOSE 122017 ",9,135,938,26,62,"4",NA,"3-5","No"
2017,"KAT",NA,NA,NA,NA,"              KATIA 132017 ",9,90,972,21,95,"2",NA,"TS-2","No"
2017,"LEE",NA,NA,NA,NA,"                LEE 142017 ",9,100,962,24,44,"3",NA,"3-5","No"
2017,"MAR",NA,NA,NA,NA,"              MARIA 152017 ",9,150,908,27,61,"5",NA,"3-5","No"
2017,"NAT","Oct","Nate","1",2.3e+08,"               NATE 162017 ",10,80,981,25,80,"1","TS-2","TS-2","Yes"
2017,"OPH",NA,NA,NA,NA,"            OPHELIA 172017 ",10,100,957,36,29,"3",NA,"3-5","No"
2017,"PHI",NA,NA,NA,NA,"           PHILIPPE 182017 ",10,35,1000,19,82,"0",NA,"TS-2","No"
2017,"RIN",NA,NA,NA,NA,"               RINA 192017 ",11,50,991,32,49,"0",NA,"TS-2","No"
2018,"ALB","May","Alberto","0",145683,"            ALBERTO 012018 ",5,55,990,29,85,"0","TS-2","TS-2","Yes"
2018,"BER",NA,NA,NA,NA,"              BERYL 022018 ",7,70,991,23,59,"1",NA,"TS-2","No"
2018,"CHR",NA,NA,NA,NA,"              CHRIS 032018 ",7,90,969,42,53,"2",NA,"TS-2","No"
2018,"DEB",NA,NA,NA,NA,"              DEBBY 042018 ",8,45,998,38,44,"0",NA,"TS-2","No"
2018,"ELE",NA,NA,NA,NA,"             ELEVEN 112018 ",9,30,1007,12,52,"0",NA,"TS-2","No"
2018,"ERN",NA,NA,NA,NA,"            ERNESTO 052018 ",8,40,999,44,32,"0",NA,"TS-2","No"
2018,"FLO","Sep","Florence","4",16316441,"           FLORENCE 062018 ",8,130,937,24,54,"4","3-5","3-5","Yes"
2018,"GOR",NA,NA,NA,NA,"             GORDON 072018 ",9,60,996,29,85,"0",NA,"TS-2","No"
2018,"HEL",NA,NA,NA,NA,"             HELENE 082018 ",9,95,967,24,28,"2",NA,"TS-2","No"
2018,"ISA",NA,NA,NA,NA,"              ISAAC 092018 ",9,65,995,14,48,"1",NA,"TS-2","No"
2018,"JOY",NA,NA,NA,NA,"              JOYCE 102018 ",9,45,995,32,35,"0",NA,"TS-2","No"
2018,"KIR",NA,NA,NA,NA,"               KIRK 122018 ",9,55,998,10,44,"0",NA,"TS-2","No"
2018,"LES",NA,NA,NA,NA,"             LESLIE 132018 ",9,80,968,33,45,"1",NA,"TS-2","No"
2018,"MIC","Oct","Michael","4",18647361,"            MICHAEL 142018 ",10,140,919,32,65,"5","3-5","3-5","Yes"
2018,"NAD",NA,NA,NA,NA,"             NADINE 152018 ",10,55,995,12,31,"0",NA,"TS-2","No"
2018,"OSC",NA,NA,NA,NA,"              OSCAR 162018 ",10,95,952,38,43,"2",NA,"TS-2","No"
2019,"AND",NA,NA,NA,NA,"             ANDREA 012019 ",5,35,1006,29,67,"0",NA,"TS-2","No"
2019,"BAR","Jul","Barry","0",686829,"              BARRY 022019 ",7,65,993,29,90,"1","TS-2","TS-2","Yes"
2019,"CHA",NA,NA,NA,NA,"            CHANTAL 042019 ",8,35,1007,37,45,"0",NA,"TS-2","No"
2019,"DOR","Aug","Dorian","5",1831544,"             DORIAN 052019 ",8,160,910,24,67,"5",NA,"3-5","Yes"
2019,"ERI",NA,NA,NA,NA,"               ERIN 062019 ",8,35,1002,32,71,"0",NA,"TS-2","No"
2019,"FER",NA,NA,NA,NA,"            FERNAND 072019 ",9,45,1000,23,96,"0",NA,"TS-2","No"
2019,"FIF",NA,NA,NA,NA,"            FIFTEEN 152019 ",10,30,1006,16,23,"0",NA,"TS-2","No"
2019,"GAB",NA,NA,NA,NA,"          GABRIELLE 082019 ",9,55,995,29,38,"0",NA,"TS-2","No"
2019,"HUM",NA,NA,NA,NA,"           HUMBERTO 092019 ",9,110,950,29,71,"3",NA,"3-5","No"
2019,"IME","Sep","Imelda","0",4006502,"             IMELDA 112019 ",9,40,1003,29,94,"0","TS-2","TS-2","Yes"
2019,"JER",NA,NA,NA,NA,"              JERRY 102019 ",9,90,976,23,59,"2",NA,"TS-2","No"
2019,"KAR",NA,NA,NA,NA,"              KAREN 122019 ",9,40,1003,18,63,"0",NA,"TS-2","No"
2019,"LOR",NA,NA,NA,NA,"            LORENZO 132019 ",9,140,925,25,33,"5",NA,"3-5","No"
2019,"MEL",NA,NA,NA,NA,"            MELISSA 142019 ",10,55,994,38,65,"0",NA,"TS-2","No"
2019,"NES",NA,NA,NA,NA,"             NESTOR 162019 ",10,50,996,28,86,"0",NA,"TS-2","No"
2019,"OLG",NA,NA,NA,NA,"               OLGA 172019 ",10,45,992,34,88,"0",NA,"TS-2","No"
2019,"PAB",NA,NA,NA,NA,"              PABLO 182019 ",10,70,977,39,27,"1",NA,"TS-2","No"
2019,"REB",NA,NA,NA,NA,"            REBEKAH 192019 ",10,70,965,40,39,"1",NA,"TS-2","No"
2019,"SEB",NA,NA,NA,NA,"          SEBASTIEN 202019 ",11,60,970,32,40,"0",NA,"TS-2","No"
2019,"THR",NA,NA,NA,NA,"              THREE 032019 ",7,30,1013,25,78,"0",NA,"TS-2","No"
2020,"ALP",NA,NA,NA,NA,"              ALPHA 242020 ",9,60,992,40,16,"0",NA,"TS-2","No"
2020,"ART",NA,NA,NA,NA,"             ARTHUR 012020 ",5,55,989,33,72,"0",NA,"TS-2","No"
2020,"BER",NA,NA,NA,NA,"             BERTHA 022020 ",5,45,1005,34,79,"0",NA,"TS-2","No"
2020,"BET",NA,NA,NA,NA,"               BETA 222020 ",9,55,993,27,93,"0",NA,"TS-2","No"
2020,"CRI","Jun","Cristobal","0",367499,"          CRISTOBAL 032020 ",6,50,982,29,88,"0","TS-2","TS-2","Yes"
2020,"DEL","Oct","Delta","3",3279221,"              DELTA 262020 ",10,120,953,23,86,"4","3-5","3-5","Yes"
2020,"DOL",NA,NA,NA,NA,"              DOLLY 042020 ",6,40,1000,39,61,"0",NA,"TS-2","No"
2020,"EDO",NA,NA,NA,NA,"            EDOUARD 052020 ",7,40,1005,42,42,"0",NA,"TS-2","No"
2020,"EPS",NA,NA,NA,NA,"            EPSILON 272020 ",10,100,952,32,55,"3",NA,"3-5","No"
2020,"ETA","Nov","Eta","4",1696149,"                ETA 292020 ",10,130,922,20,81,"4","3-5","3-5","Yes"
2020,"FAY",NA,NA,NA,NA,"                FAY 062020 ",7,50,998,34,78,"0",NA,"TS-2","No"
2020,"GAM",NA,NA,NA,NA,"              GAMMA 252020 ",10,65,978,20,86,"1",NA,"TS-2","No"
2020,"GON",NA,NA,NA,NA,"            GONZALO 072020 ",7,55,997,9,47,"0",NA,"TS-2","No"
2020,"HAN","Jul","Hanna","1",1243842,"              HANNA 082020 ",7,80,973,26,94,"1","TS-2","TS-2","Yes"
2020,"IOT",NA,NA,NA,NA,"               IOTA 312020 ",11,135,917,13,78,"4",NA,"3-5","No"
2020,"ISA","Jul","Isaias","1",5427676,"             ISAIAS 092020 ",7,80,986,24,72,"1","TS-2","TS-2","Yes"
2020,"JOS",NA,NA,NA,NA,"          JOSEPHINE 112020 ",8,40,1004,14,49,"0",NA,"TS-2","No"
2020,"KYL",NA,NA,NA,NA,"               KYLE 122020 ",8,45,1000,37,68,"0",NA,"TS-2","No"
2020,"LAU","Aug","Laura","4",14699956,"              LAURA 132020 ",8,130,937,22,75,"4","3-5","3-5","Yes"
2020,"MAR",NA,NA,NA,NA,"              MARCO 142020 ",8,65,991,22,86,"1",NA,"TS-2","No"
2020,"NAN",NA,NA,NA,NA,"               NANA 162020 ",9,65,994,16,83,"1",NA,"TS-2","No"
2020,"OMA",NA,NA,NA,NA,"               OMAR 152020 ",8,35,1003,34,65,"0",NA,"TS-2","No"
2020,"PAU",NA,NA,NA,NA,"           PAULETTE 172020 ",9,90,965,31,38,"2",NA,"TS-2","No"
2020,"REN",NA,NA,NA,NA,"               RENE 182020 ",9,40,1001,19,34,"0",NA,"TS-2","No"
2020,"SAL","Sep","Sally","1",7123825,"              SALLY 192020 ",9,95,965,28,84,"2","TS-2","TS-2","Yes"
2020,"TED",NA,NA,NA,NA,"              TEDDY 202020 ",9,120,945,23,51,"4",NA,"3-5","No"
2020,"TEN",NA,NA,NA,NA,"                TEN 102020 ",7,30,1008,14,20,"0",NA,"TS-2","No"
2020,"THE",NA,NA,NA,NA,"              THETA 302020 ",11,60,987,30,29,"0",NA,"TS-2","No"
2020,"VIC",NA,NA,NA,NA,"              VICKY 212020 ",9,45,1001,19,35,"0",NA,"TS-2","No"
2020,"WIL",NA,NA,NA,NA,"            WILFRED 232020 ",9,35,1006,12,34,"0",NA,"TS-2","No"
2020,"ZET","Oct","Zeta","2",3957680,"               ZETA 282020 ",10,100,970,23,85,"3","3-5","3-5","Yes"
2021,"ANA",NA,NA,NA,NA,"                ANA 012021 ",5,50,1004,34,58,"0",NA,"TS-2","No"
2021,"BIL",NA,NA,NA,NA,"               BILL 022021 ",6,55,992,35,69,"0",NA,"TS-2","No"
2021,"CLA",NA,NA,NA,NA,"          CLAUDETTE 032021 ",6,40,1003,32,81,"0",NA,"TS-2","No"
2021,"DAN",NA,NA,NA,NA,"              DANNY 042021 ",6,40,1009,30,76,"0",NA,"TS-2","No"
2021,"ELS","Jul","Elsa","1",1296034,"               ELSA 052021 ",6,75,991,23,71,"1","TS-2","TS-2","Yes"
2021,"FRE","Aug","Fred","0",1404036,"               FRED 062021 ",8,55,991,26,76,"0","TS-2","TS-2","Yes"
2021,"GRA",NA,NA,NA,NA,"              GRACE 072021 ",8,105,967,17,75,"3",NA,"3-5","No"
2021,"HEN","Aug","Henri","0",594015,"              HENRI 082021 ",8,65,986,34,68,"1","TS-2","TS-2","Yes"
2021,"IDA","Aug","Ida","4",70201819,"                IDA 092021 ",8,130,929,32,79,"4","3-5","3-5","Yes"
2021,"JUL",NA,NA,NA,NA,"             JULIAN 112021 ",8,50,993,38,42,"0",NA,"TS-2","No"
2021,"KAT",NA,NA,NA,NA,"               KATE 102021 ",8,40,1004,18,49,"0",NA,"TS-2","No"
2021,"LAR",NA,NA,NA,NA,"              LARRY 122021 ",8,110,953,23,47,"3",NA,"3-5","No"
2021,"MIN",NA,NA,NA,NA,"              MINDY 132021 ",9,50,1000,30,78,"0",NA,"TS-2","No"
2021,"NIC","Sep","Nicholas","0",1080028,"           NICHOLAS 142021 ",9,65,988,27,93,"1","TS-2","TS-2","Yes"
2021,"ODE",NA,NA,NA,NA,"             ODETTE 152021 ",9,55,989,39,51,"0",NA,"TS-2","No"
2021,"PET",NA,NA,NA,NA,"              PETER 162021 ",9,45,1005,18,60,"0",NA,"TS-2","No"
2021,"ROS",NA,NA,NA,NA,"               ROSE 172021 ",9,50,1004,19,35,"0",NA,"TS-2","No"
2021,"SAM",NA,NA,NA,NA,"                SAM 182021 ",9,135,927,26,48,"4",NA,"3-5","No"
2021,"TER",NA,NA,NA,NA,"             TERESA 192021 ",9,40,1008,33,63,"0",NA,"TS-2","No"
2021,"VIC",NA,NA,NA,NA,"             VICTOR 202021 ",9,55,997,11,32,"0",NA,"TS-2","No"
2021,"WAN",NA,NA,NA,NA,"              WANDA 212021 ",10,60,973,37,48,"0",NA,"TS-2","No"
2022,"ALE",NA,NA,NA,NA,"               ALEX 012022 ",6,60,984,26,78,"0",NA,"TS-2","No"
2022,"BON",NA,NA,NA,NA,"             BONNIE 022022 ",6,100,964,13,95,"3",NA,"3-5","No"
2022,"COL",NA,NA,NA,NA,"              COLIN 032022 ",7,35,1011,32,79,"0",NA,"TS-2","No"
2022,"DAN",NA,NA,NA,NA,"           DANIELLE 052022 ",8,75,972,41,31,"1",NA,"TS-2","No"
2022,"EAR",NA,NA,NA,NA,"               EARL 062022 ",9,95,948,32,56,"2",NA,"TS-2","No"
2022,"ELE",NA,NA,NA,NA,"             ELEVEN 112022 ",9,30,1008,14,34,"0",NA,"TS-2","No"
2022,"FIO",NA,NA,NA,NA,"              FIONA 072022 ",9,120,931,30,62,"4",NA,"3-5","No"
2022,"GAS",NA,NA,NA,NA,"             GASTON 082022 ",9,55,994,37,37,"0",NA,"TS-2","No"
2022,"HER",NA,NA,NA,NA,"            HERMINE 102022 ",9,35,1003,20,19,"0",NA,"TS-2","No"
2022,"IAN","Sep","Ian","4",1e+08,"                IAN 092022 ",9,140,937,21,78,"5","3-5","3-5","Yes"
2022,"JUL",NA,NA,NA,NA,"              JULIA 132022 ",10,75,982,12,78,"1",NA,"TS-2","No"
2022,"KAR",NA,NA,NA,NA,"               KARL 142022 ",10,50,997,19,93,"0",NA,"TS-2","No"
2022,"LIS",NA,NA,NA,NA,"               LISA 152022 ",10,80,985,16,85,"1",NA,"TS-2","No"
2022,"MAR",NA,NA,NA,NA,"             MARTIN 162022 ",10,75,932,40,50,"1",NA,"TS-2","No"
2022,"NIC","Nov","Nicole","0",1e+06,"             NICOLE 172022 ",11,65,980,26,75,"1","TS-2","TS-2","Yes"
2022,"TWE",NA,NA,NA,NA,"             TWELVE 122022 ",10,30,1007,15,31,"0",NA,"TS-2","No"
